sgRNA_target,condition,wmean_fitness,sd_fitness,p_fitness_adj,length,direction,upstream,downstream,upstream_gene_fitness,downstream_gene_fitness
ncl0200,"HC, HL",-2.4179751784476498,1.7518660814371014,0.048156799462754744,62,reverse,sll1635,sml0005,-1.5818194839041981,-3.138138850130075
ncl0200,"HC, IL",-4.487906726316984,1.965869928443611,0.025081763233478858,62,reverse,sll1635,sml0005,-3.2201941988556575,-3.7525464735225253
ncl0200,"HC, LL",-3.296286718063563,1.9949238885148635,0.19767966928145497,62,reverse,sll1635,sml0005,-2.412384821816186,-4.087261023481276
ncl0200,"HC, LL, -N",-3.430488129340668,2.132312789059205,0.3401841929798956,62,reverse,sll1635,sml0005,-1.9711361000259464,-3.093777158150784
ncl0200,"HC, LL, +FL",-4.365766489893972,2.4972175322311543,0.07059221484241707,62,reverse,sll1635,sml0005,-2.8951893369183526,-4.413363854204678
ncl0200,"HC, LL, +G",-4.4478857149664,1.5467240385292245,0.02231982382669682,62,reverse,sll1635,sml0005,-3.1584078355458938,-4.172957592588686
ncl0200,"LC, IL",-2.808899562922123,1.9894470519419802,0.2874484656796094,62,reverse,sll1635,sml0005,-2.9439855176126493,-3.538633392707345
ncl0200,"LC, LL",-3.48725384036873,2.002379650382526,0.04478427827105307,62,reverse,sll1635,sml0005,-2.1652578897896575,-3.4766809124647993
ncl0200,"LC, LL, +D, +G",-3.594560186602102,1.2018441273658433,0.025227305379901366,62,reverse,sll1635,sml0005,-2.5931987674504047,-3.542435470185651
ncl0200,"LC, LL, +FL",-1.8192019671224982,1.446724485130248,0.48602638208405907,62,reverse,sll1635,sml0005,-2.6115222364567963,-3.4092026269047597
ncl0200,"LC, LL, +G",-4.839802537895695,1.2182161889818475,0.02358809367691887,62,reverse,sll1635,sml0005,-3.623605785513322,-3.950137929914098
ncl0320,"HC, HL",-0.9151595286341796,0.29858871691827155,0.00574084884857631,121,reverse,sll1910,slr2030,-1.1988761583707077,-0.032054926384774016
ncl0320,"HC, IL",-0.3942473495599852,0.17746265954070495,0.03248922451970063,121,reverse,sll1910,slr2030,-0.18652859214196688,0.20892652141352105
ncl0320,"HC, LL",-0.007507892492926134,0.28434308382566575,0.9006968924714986,121,reverse,sll1910,slr2030,-0.21798417618560825,0.02648588561261678
ncl0320,"HC, LL, -N",-0.22438752012946347,0.2736201648052636,0.35807899874202054,121,reverse,sll1910,slr2030,-0.13351841142838072,0.08845328617288865
ncl0320,"HC, LL, +FL",-0.19943146630976355,0.47266768807445003,0.48355037210116575,121,reverse,sll1910,slr2030,-0.11853925145128817,0.11345127247732346
ncl0320,"HC, LL, +G",0.1367820978609436,0.2773195306627604,0.643517786681331,121,reverse,sll1910,slr2030,0.17587575876096057,0.11599008544698967
ncl0320,"LC, IL",-2.4054212637520718,1.2212944074093077,0.006953691914141075,121,reverse,sll1910,slr2030,-2.6829111261570304,0.3285840261250505
ncl0320,"LC, LL",-0.37833161867595566,0.25882802417595974,0.0790108639175096,121,reverse,sll1910,slr2030,-0.4400284461510049,0.09573681534066453
ncl0320,"LC, LL, +D, +G",0.7596423327550228,0.3161634274918252,0.009526751464464817,121,reverse,sll1910,slr2030,0.5996701064235632,0.17973363992650135
ncl0320,"LC, LL, +FL",-2.5458149827877588,1.5160099335764972,0.05853238972506437,121,reverse,sll1910,slr2030,-2.993663768259404,0.3516027012808858
ncl0320,"LC, LL, +G",0.18183613366543394,0.22797811467435106,0.5468793136199839,121,reverse,sll1910,slr2030,-0.04085341883883233,0.045973534435300493
ncl0360,"HC, HL",-5.83824975484752,3.657013079593284,0.048156799462754744,51,reverse,ssl2084,sll1068,-4.12882100075457,0.7239526701825897
ncl0360,"HC, IL",-5.8110296730162245,3.4436737811397493,0.03185551299905622,51,reverse,ssl2084,sll1068,-5.750597382021158,-0.585981987176095
ncl0360,"HC, LL",-5.202037555087872,3.272600951003981,0.06893043954010027,51,reverse,ssl2084,sll1068,-5.844296859414285,-1.059619937849843
ncl0360,"HC, LL, -N",-5.342824029538025,3.196541684420044,0.045190687136694996,51,reverse,ssl2084,sll1068,-5.45946320547395,-0.3445249158053574
ncl0360,"HC, LL, +FL",-5.551088483152619,3.489715140099519,0.04010338910224003,51,reverse,ssl2084,sll1068,-5.796011928641258,-1.0481757831358247
ncl0360,"HC, LL, +G",-5.753506383624928,3.652587248427461,0.0458504113708738,51,reverse,ssl2084,sll1068,-6.115539762503874,-0.5808552457215672
ncl0360,"LC, IL",-5.506503216375022,2.165768067288384,0.02730308650657231,51,reverse,ssl2084,sll1068,-5.300649145110233,-0.46701648984768823
ncl0360,"LC, LL",-4.032257724395781,3.014722464811063,0.5968639210324211,51,reverse,ssl2084,sll1068,-4.943195880395603,0.49680557544988413
ncl0360,"LC, LL, +D, +G",-5.912937615064951,3.6992099441589588,0.06723326885965498,51,reverse,ssl2084,sll1068,-5.714741898584121,-0.25174792667943424
ncl0360,"LC, LL, +FL",-5.843041599956019,2.4318680508362496,0.02646244507467004,51,reverse,ssl2084,sll1068,-5.4995577185694335,-0.18400903744630173
ncl0360,"LC, LL, +G",-5.767141123856273,3.436874385554837,0.04574047541705707,51,reverse,ssl2084,sll1068,-5.91735319906485,-0.24371184581070052
ncl0530,"HC, HL",-0.20139639387687502,0.5290896872023365,0.37244309964950956,80,reverse,sll2012,sll2011,-0.3262808016939398,-0.1936531792461636
ncl0530,"HC, IL",-0.4054580518088348,0.40109745431280786,0.20490103022909562,80,reverse,sll2012,sll2011,-0.117862998173939,0.1496190094763142
ncl0530,"HC, LL",-0.6053268384681602,0.44328193294573326,0.029525843701993265,80,reverse,sll2012,sll2011,-0.16310970100749894,0.08311796920042713
ncl0530,"HC, LL, -N",-0.7383550335527501,0.6146111367358086,0.059489523641728034,80,reverse,sll2012,sll2011,-0.09870655622903297,0.23771533581757914
ncl0530,"HC, LL, +FL",-0.8908200361427301,0.5102731319601295,0.010791831727115796,80,reverse,sll2012,sll2011,-0.35447739010330975,0.13482241706278866
ncl0530,"HC, LL, +G",-0.1509193352217371,0.5145960362267208,0.9634353793729841,80,reverse,sll2012,sll2011,0.12992618578816784,0.17352728947071333
ncl0530,"LC, IL",-1.9390499419199,0.8310879762848948,0.0046234741971317795,80,reverse,sll2012,sll2011,-1.401806318658149,0.13849146860849876
ncl0530,"LC, LL",-0.9126608686719866,0.33199927301397025,0.006621983451720678,80,reverse,sll2012,sll2011,-0.5485561293333777,-0.009411684994123468
ncl0530,"LC, LL, +D, +G",0.042637067527524115,0.2893634480560749,0.9081357232075259,80,reverse,sll2012,sll2011,0.1865748611659693,-0.05301289069797551
ncl0530,"LC, LL, +FL",-0.6613474829489463,0.39664993361409356,0.012639327851689157,80,reverse,sll2012,sll2011,-0.8530119528779196,0.21301626113600125
ncl0530,"LC, LL, +G",-0.17002339365002841,0.8979440488074182,0.6974213587832001,80,reverse,sll2012,sll2011,0.633448156699335,0.1571086388781591
ncl0590,"HC, HL",-0.09498557228839112,0.4099186947417937,0.25807946741879095,182,reverse,sll0849,sll0848,-0.49049966273635653,-0.1810438427969426
ncl0590,"HC, IL",-1.924063649983436,0.835619762158051,0.005965007367979008,182,reverse,sll0849,sll0848,-4.100069850329161,0.038458114200314024
ncl0590,"HC, LL",-1.5086761641901385,0.9043247329879184,0.03830565762675834,182,reverse,sll0849,sll0848,-3.7147081527300783,-0.149227215245588
ncl0590,"HC, LL, -N",-1.4048157808063066,0.9411228414540862,0.21142106219676654,182,reverse,sll0849,sll0848,-3.1188457851732867,0.32024813613671005
ncl0590,"HC, LL, +FL",-1.8755778259642213,0.6816275391076981,0.004957366900205337,182,reverse,sll0849,sll0848,-3.6842329691768088,0.015432175926924675
ncl0590,"HC, LL, +G",-0.20056742872532293,0.33345161882909535,0.9858263405154987,182,reverse,sll0849,sll0848,-0.9813009715878489,-0.08755933314110785
ncl0590,"LC, IL",-1.5965956837288349,0.8478328127323755,0.01464961478012433,182,reverse,sll0849,sll0848,-3.262971762032539,0.020761946666731153
ncl0590,"LC, LL",-0.7555041258649978,0.5602857831403428,0.47897785402889226,182,reverse,sll0849,sll0848,-2.36681978771963,-0.3570662715085681
ncl0590,"LC, LL, +D, +G",1.4341308602309646,0.8059976469644435,0.04366490508684598,182,reverse,sll0849,sll0848,2.569403095623403,0.327019189627504
ncl0590,"LC, LL, +FL",-1.8645629232404597,0.9411406929287727,0.03429005462501254,182,reverse,sll0849,sll0848,-3.375076659805182,0.450835517890005
ncl0590,"LC, LL, +G",-0.11878452099718735,0.29404001876753777,0.9540467602245467,182,reverse,sll0849,sll0848,-0.7846815860840896,0.11563724104255341
ncl0640,"HC, HL",1.9474178215695686,0.6450022488965059,0.004020937266418331,120,reverse,sll1949,slr2067,-0.5898332307346752,1.6889347230653704
ncl0640,"HC, IL",-4.064147133142588,2.3682578622006876,0.09212486261426253,120,reverse,sll1949,slr2067,0.337024957770664,-4.008986040450064
ncl0640,"HC, LL",-4.693788765560472,2.326677501558648,0.013774394609168024,120,reverse,sll1949,slr2067,-0.03448937503015207,-3.8846349245425893
ncl0640,"HC, LL, -N",-4.1800655929343655,2.0738941134893323,0.022314280521921352,120,reverse,sll1949,slr2067,-0.0783100252432255,-3.898882787889906
ncl0640,"HC, LL, +FL",-3.501582363701539,1.9354008356431613,0.029764823191435696,120,reverse,sll1949,slr2067,-0.3280578737533634,-3.520166904903764
ncl0640,"HC, LL, +G",-1.055324561306193,0.9141800726744423,0.5064337234699703,120,reverse,sll1949,slr2067,-0.27110445982957265,-1.5991154873996556
ncl0640,"LC, IL",-4.334467380757631,1.7609659390134542,0.0046234741971317795,120,reverse,sll1949,slr2067,-0.198894721777269,-4.199031001998978
ncl0640,"LC, LL",-3.422768158747287,1.881723134443833,0.06355300325988102,120,reverse,sll1949,slr2067,-0.10518876429442156,-2.7532184462577587
ncl0640,"LC, LL, +D, +G",1.8081625360881401,0.6284555486354012,0.00396203681817978,120,reverse,sll1949,slr2067,-0.16499185107201486,1.511372528270883
ncl0640,"LC, LL, +FL",-4.137401404782853,1.8985200617061222,0.008644201929160007,120,reverse,sll1949,slr2067,0.03425457794335916,-3.9309316172279885
ncl0640,"LC, LL, +G",-0.9602302548478735,0.8230618693148456,0.2501529448639341,120,reverse,sll1949,slr2067,-0.2261595961364902,-1.0687436198002886
ncl1010,"HC, HL",-2.8692365221031113,1.7312247263476108,0.1135470491988322,109,reverse,sll1533,slr1634,-4.8795016100091715,0.2971012146243476
ncl1010,"HC, IL",-4.335214415807999,2.15060082328231,0.007574576024267105,109,reverse,sll1533,slr1634,-6.333600900245916,0.18705732383015777
ncl1010,"HC, LL",-3.1072581097075735,2.0321809112908737,0.18370586753911808,109,reverse,sll1533,slr1634,-3.9112111274330794,-0.12475442864317808
ncl1010,"HC, LL, -N",-3.239877432217883,1.9792228067048887,0.07442357814054042,109,reverse,sll1533,slr1634,-5.473177362618109,-0.145648246014299
ncl1010,"HC, LL, +FL",-2.4128963905068246,1.6850902302059065,0.16968637623149352,109,reverse,sll1533,slr1634,-4.284473349796658,-0.02266863614109729
ncl1010,"HC, LL, +G",-3.5207851916742317,2.10860015932029,0.10717562987586875,109,reverse,sll1533,slr1634,-6.322191498540444,0.22816709960637943
ncl1010,"LC, IL",-1.8403024490269941,1.3737407231623624,0.3087399803594623,109,reverse,sll1533,slr1634,-2.8881065293439447,0.2587605970016166
ncl1010,"LC, LL",-2.5825067140691917,1.7937334312969055,0.23418406286242643,109,reverse,sll1533,slr1634,-4.900651098052269,0.17525532698789448
ncl1010,"LC, LL, +D, +G",-3.4102115923607728,1.50933045487604,0.00396203681817978,109,reverse,sll1533,slr1634,-5.2200994896022666,1.3436665278033841
ncl1010,"LC, LL, +FL",-1.2955783675005725,0.8548207425758552,0.13802678969050378,109,reverse,sll1533,slr1634,-1.697638851939259,0.1151213919316925
ncl1010,"LC, LL, +G",-4.363762539907845,2.861207981417877,0.11152677724262411,109,reverse,sll1533,slr1634,-6.988539990164149,0.6812128159825115
ncl1020,"HC, HL",-0.20489288787797338,0.13534231251326592,0.26921836260069854,108,reverse,sll1525,slr1643,-2.1555588803838934,-1.2736958654733375
ncl1020,"HC, IL",-1.3907854210150001,0.6316147433727554,0.03320483408660491,108,reverse,sll1525,slr1643,-4.152249798511979,-3.378067832595063
ncl1020,"HC, LL",-2.281066633363782,0.5411397481179371,0.028626147032944547,108,reverse,sll1525,slr1643,-5.303214221487063,-2.8722018302836143
ncl1020,"HC, LL, -N",-1.9674403444159532,0.6565190592997522,0.0274033934471062,108,reverse,sll1525,slr1643,-4.263766207020891,-2.793569171005509
ncl1020,"HC, LL, +FL",-1.1392298138873944,0.6861333559630448,0.05064700489016412,108,reverse,sll1525,slr1643,-3.8445449419735347,-2.877063919589778
ncl1020,"HC, LL, +G",-2.4270362346685177,0.6258197575463463,0.02417095091021163,108,reverse,sll1525,slr1643,-5.118893162894791,-1.4740461920967753
ncl1020,"LC, IL",-3.067509702608235,0.2152715973713076,0.02730308650657231,108,reverse,sll1525,slr1643,-5.620723823430796,-0.9394659453403528
ncl1020,"LC, LL",-1.4443616259608283,0.28252354412331626,0.026158828817594484,108,reverse,sll1525,slr1643,-4.366375363873679,-3.386133098779685
ncl1020,"LC, LL, +D, +G",-3.316778356779768,1.1767820323833658,0.024186444051600916,108,reverse,sll1525,slr1643,-6.3737685362308225,-3.4638791348091047
ncl1020,"LC, LL, +FL",-2.384885036333515,0.42983214629222655,0.029037859807530042,108,reverse,sll1525,slr1643,-5.046738347239437,-0.4882087771423861
ncl1020,"LC, LL, +G",-2.219653312008287,0.37957478803020833,0.025748499844336466,108,reverse,sll1525,slr1643,-4.271474929464935,-1.009373772366325
ncl1040,"HC, HL",-0.5932538440779294,0.7235584922306544,0.48655234833128,73,reverse,sll0427,slr0443,0.41176436861948407,0.09445234766203159
ncl1040,"HC, IL",-3.266540835741139,0.47743448536284216,0.024196034235602345,73,reverse,sll0427,slr0443,-2.7324856572863303,-0.17290779071293472
ncl1040,"HC, LL",-3.107490443018108,0.37913171707504023,0.026508426734226376,73,reverse,sll0427,slr0443,-2.7348744850060536,-0.13032358993920293
ncl1040,"HC, LL, -N",-3.408610318279793,0.258224812687085,0.025575187905360064,73,reverse,sll0427,slr0443,-2.821777650841539,-0.21806226882254767
ncl1040,"HC, LL, +FL",-3.3658970607007976,0.43564215676504003,0.0257152963936743,73,reverse,sll0427,slr0443,-2.484125602688732,0.0390337412808206
ncl1040,"HC, LL, +G",-0.4603205045214909,0.22240261674035375,0.10308055404924334,73,reverse,sll0427,slr0443,-0.1920320081769725,-0.06782472921650344
ncl1040,"LC, IL",-4.039029336207577,0.398315357298262,0.02730308650657231,73,reverse,sll0427,slr0443,-3.3781574689238565,0.046071788699914185
ncl1040,"LC, LL",-3.624840021826922,1.2215116498487717,0.023896146722991948,73,reverse,sll0427,slr0443,-3.149225722014374,-0.09234524750822834
ncl1040,"LC, LL, +D, +G",1.5346004088012097,0.6754160974633785,0.025227305379901366,73,reverse,sll0427,slr0443,1.0739470456414697,0.056091929187209656
ncl1040,"LC, LL, +FL",-4.129459292168403,0.2476372273676165,0.02646244507467004,73,reverse,sll0427,slr0443,-3.0473350414208067,0.21058256816687768
ncl1040,"LC, LL, +G",-0.42132972949671216,0.023473381792260516,0.09602800990993836,73,reverse,sll0427,slr0443,-0.2321121306452082,-0.035901900110636334
ncl1220,"HC, HL",0.6545093452188616,0.17015454944318517,0.04070671022037001,98,reverse,sll0750,sll0749,0.6228643679104507,-0.30225750358704595
ncl1220,"HC, IL",0.47507927205740913,0.45733565301399653,0.28025173913017526,98,reverse,sll0750,sll0749,0.5350635983438463,-0.6082079849190689
ncl1220,"HC, LL",-0.6922392745362604,0.3997747073500597,0.07508583152074161,98,reverse,sll0750,sll0749,-0.4728515936984392,-0.8183903412342448
ncl1220,"HC, LL, -N",-0.25768868409817114,0.138016273805922,0.24126658347879026,98,reverse,sll0750,sll0749,0.2635216865609262,-0.6688584250478984
ncl1220,"HC, LL, +FL",-0.3560646463302047,0.31858117712970596,0.25610295145330925,98,reverse,sll0750,sll0749,-0.040090243751424594,-0.7772915963124231
ncl1220,"HC, LL, +G",2.683447758192283,0.5906392147831788,0.02231982382669682,98,reverse,sll0750,sll0749,1.6165811175745777,-0.4393893598041645
ncl1220,"LC, IL",0.7056142684022251,0.292827356844793,0.057008145768120105,98,reverse,sll0750,sll0749,0.48843240889663053,-0.6566436572636316
ncl1220,"LC, LL",0.3739576818005788,0.24448765992670457,0.2040273748417531,98,reverse,sll0750,sll0749,0.5951817976345155,-0.3511550666731828
ncl1220,"LC, LL, +D, +G",0.3883871208299538,0.24964701166900938,0.25946113180658414,98,reverse,sll0750,sll0749,0.4055843547872883,-0.4135881300622578
ncl1220,"LC, LL, +FL",-0.7177786713669622,0.3291469339363989,0.07068309635492741,98,reverse,sll0750,sll0749,-0.40260832192270796,-0.8053684770651246
ncl1220,"LC, LL, +G",2.7462495098265856,0.629525344638118,0.02358809367691887,98,reverse,sll0750,sll0749,1.8151379809021777,-0.8423263610625987
ncl1330,"HC, HL",0.5263040549357424,0.03712264532603011,0.024008723964000424,256,reverse,slr0646,sll0601,-0.010887907263396553,0.0049052082265619995
ncl1330,"HC, IL",0.3570246170899595,0.19869831656504852,0.25509104406028255,256,reverse,slr0646,sll0601,0.1634917309122865,-0.06955787024242704
ncl1330,"HC, LL",0.2557998086393067,0.21257212829588484,0.5811528409468126,256,reverse,slr0646,sll0601,0.1273506543199693,-0.3675962635894221
ncl1330,"HC, LL, -N",0.0018926077315777248,0.13228620323248594,0.7781660513762576,256,reverse,slr0646,sll0601,0.38702331835763953,-0.2651798588787672
ncl1330,"HC, LL, +FL",0.27938023772612314,0.06592905371156602,0.23319061007518632,256,reverse,slr0646,sll0601,0.28696862329536327,-0.39533289797092375
ncl1330,"HC, LL, +G",1.3448580936865537,0.12239162772642445,0.007496976497552928,256,reverse,slr0646,sll0601,0.10136898903125127,0.3420682314803925
ncl1330,"LC, IL",0.15518877070916623,0.18641405348340803,0.8167570081932871,256,reverse,slr0646,sll0601,-0.014490825370399573,0.5623309265891396
ncl1330,"LC, LL",0.33500777087660427,0.04814919911809127,0.11504355311968534,256,reverse,slr0646,sll0601,0.08897331653454074,0.6106246432540011
ncl1330,"LC, LL, +D, +G",0.4185687216697314,0.10057932504447813,0.07435415497420537,256,reverse,slr0646,sll0601,0.15220541133637597,0.489054292385833
ncl1330,"LC, LL, +FL",0.130779894036449,0.13766825946048586,0.9069539895542174,256,reverse,slr0646,sll0601,0.16867483456381344,0.016753628983567557
ncl1330,"LC, LL, +G",2.0718462475104156,0.7723072321874815,0.007366995361409673,256,reverse,slr0646,sll0601,0.2084310042938606,0.839538201325495
ncl1410,"HC, HL",-0.6581363972740361,0.1540638957500575,0.1397277030160682,89,reverse,sll0556,sll0555,-1.5850886652247398,-1.3177406365275148
ncl1410,"HC, IL",-0.7791304746009878,0.5391575013680651,0.17542778031210088,89,reverse,sll0556,sll0555,-1.4976531053685314,-1.0043159167708953
ncl1410,"HC, LL",-1.3664132626610068,0.9221500541799772,0.14558612992556486,89,reverse,sll0556,sll0555,-2.7860187630726627,-0.7504010182126692
ncl1410,"HC, LL, -N",-0.4049678096551367,0.4408597096830194,0.541480786089443,89,reverse,sll0556,sll0555,-2.5034235166000154,-0.6385474855517058
ncl1410,"HC, LL, +FL",-1.5177932866401813,1.095381161922306,0.1555120937267988,89,reverse,sll0556,sll0555,-3.158421049566565,-0.5294102565868831
ncl1410,"HC, LL, +G",-0.7504706289117732,0.44791817488887015,0.1732652745124913,89,reverse,sll0556,sll0555,-1.08191884957251,-0.9791094835702003
ncl1410,"LC, IL",-4.369269826913045,1.604184330544619,0.09523205023114731,89,reverse,sll0556,sll0555,-4.822675405057329,-0.8588918321189695
ncl1410,"LC, LL",-3.1106249703896216,1.793367796203584,0.08622547335873854,89,reverse,sll0556,sll0555,-3.702205684760959,-1.0310235418600149
ncl1410,"LC, LL, +D, +G",-0.34760688606597784,0.6307866526704816,0.9000225240097047,89,reverse,sll0556,sll0555,-1.2361120974423074,-0.7362116298558483
ncl1410,"LC, LL, +FL",-3.1675679026657293,1.8161339890498938,0.09519916515625433,89,reverse,sll0556,sll0555,-4.314731822933325,-0.21087256755416584
ncl1410,"LC, LL, +G",-0.09072618630573732,0.2829366858738499,0.9474651017797542,89,reverse,sll0556,sll0555,-0.3566039235571581,-0.9938713671870901
ncl1450,"HC, HL",-0.6763571031592261,0.43281582699391546,0.04070671022037001,220,reverse,slr0841,slr0842,-0.4782924442671406,0.19639876812018747
ncl1450,"HC, IL",-0.198326170324474,0.38268865263720026,0.8846155761146367,220,reverse,slr0841,slr0842,-0.05470976769049827,0.17244935500241246
ncl1450,"HC, LL",-0.004302205111886708,0.3385586693276638,0.9862611698541649,220,reverse,slr0841,slr0842,0.18103807931502947,0.1246417198096543
ncl1450,"HC, LL, -N",-0.24901759424242345,0.4684484078877633,0.7841510769111877,220,reverse,slr0841,slr0842,0.24018365109992196,0.03115290685337439
ncl1450,"HC, LL, +FL",-0.35837155840106083,0.36625388162653166,0.4211996221564321,220,reverse,slr0841,slr0842,0.050576681495252254,0.08221740755811376
ncl1450,"HC, LL, +G",-0.4634604140028285,0.4456583302338204,0.24576937532259216,220,reverse,slr0841,slr0842,0.18542681380712228,0.07406814621263645
ncl1450,"LC, IL",0.06089496970405296,0.35498809694131717,0.40758968432441495,220,reverse,slr0841,slr0842,-0.08125730932039822,-0.012948774920814464
ncl1450,"LC, LL",-1.9065239763201343,0.3457774263864921,0.004453316100481262,220,reverse,slr0841,slr0842,-0.023060189539091117,0.21116712209999214
ncl1450,"LC, LL, +D, +G",-0.5246865585182652,0.48144635255886054,0.27362949671467784,220,reverse,slr0841,slr0842,-0.0036222963415174585,0.08928940772772592
ncl1450,"LC, LL, +FL",0.2531886181460878,0.4666311801782838,0.21010792136500003,220,reverse,slr0841,slr0842,-0.1054455093051714,0.006489426263415134
ncl1450,"LC, LL, +G",-0.5941810475936066,0.3588372085050388,0.04140287724382872,220,reverse,slr0841,slr0842,0.013399307314967357,5.759892496449094e-4
ncl1650,"HC, HL",-4.1254207882164735,0.604955305391049,0.0068114223270718,99,reverse,sll0534,sll0533,-5.48657599911382,-1.2537228561005929
ncl1650,"HC, IL",-2.101359523292295,0.20005880059851175,0.008033017025605025,99,reverse,sll0534,sll0533,-3.6968022777856615,-1.1833058618999621
ncl1650,"HC, LL",-1.3880836837064465,0.5067144783684767,0.010947604440653874,99,reverse,sll0534,sll0533,-2.6232643203253696,-1.5164530508402465
ncl1650,"HC, LL, -N",-2.79180482539484,0.5078454119080933,0.007942776316187524,99,reverse,sll0534,sll0533,-4.292512229860706,-1.7951988504173886
ncl1650,"HC, LL, +FL",-2.512637742422081,0.4848649777685413,0.008367879430821356,99,reverse,sll0534,sll0533,-3.8817547854594907,-1.5543603031715674
ncl1650,"HC, LL, +G",-2.751823758761251,0.3268257756277975,0.0073285721722292614,99,reverse,sll0534,sll0533,-4.088932146409243,-1.2182153170765968
ncl1650,"LC, IL",-2.3362267050081895,0.4675133909816196,0.009412164087015753,99,reverse,sll0534,sll0533,-3.458418069479825,-0.12361227758647073
ncl1650,"LC, LL",-2.472759025664531,0.21740176100077788,0.007309760103329909,99,reverse,sll0534,sll0533,-3.598960742325341,-0.6662179095499896
ncl1650,"LC, LL, +D, +G",-2.738438423057386,0.27091129950438847,0.007581741029088091,99,reverse,sll0534,sll0533,-3.9904192089235435,-0.6919787728911327
ncl1650,"LC, LL, +FL",-2.279812943966373,0.8581260614307932,0.008969711929079114,99,reverse,sll0534,sll0533,-3.277297456804853,0.367318500660286
ncl1650,"LC, LL, +G",-2.2691453152749177,0.2931533375805246,0.00792469694705048,99,reverse,sll0534,sll0533,-3.584749032680898,-1.0573535357034336
ncl1670,"HC, HL",-3.0353841847773766,1.2626042263310133,0.004020937266418331,127,reverse,slr1464,ssl2667,0.25781769867985793,-0.3989830155250706
ncl1670,"HC, IL",-1.194098374932452,0.6082743230348029,0.009000189922861347,127,reverse,slr1464,ssl2667,-0.032302320651615625,-1.820804726960907
ncl1670,"HC, LL",-0.5308820880264606,0.3707384699193382,0.11141194099177212,127,reverse,slr1464,ssl2667,0.05924655891207976,-2.0791964178710636
ncl1670,"HC, LL, -N",-0.6241426757377849,0.48984442915220927,0.21142106219676654,127,reverse,slr1464,ssl2667,0.00484166144129264,-1.7251402691986881
ncl1670,"HC, LL, +FL",-0.8300418172325041,0.4028143921890787,0.023553694948906825,127,reverse,slr1464,ssl2667,0.10287135877828137,-2.205109527534837
ncl1670,"HC, LL, +G",-1.7528109522782354,1.0792854375261192,0.01175457618851972,127,reverse,slr1464,ssl2667,0.09903577912621984,-1.5737831482715943
ncl1670,"LC, IL",0.25334165959728844,0.09314467442810402,0.27860757643147466,127,reverse,slr1464,ssl2667,0.05319044748619342,-1.5932257675593038
ncl1670,"LC, LL",-1.1084665164736136,0.4996845217397683,0.007475185396714336,127,reverse,slr1464,ssl2667,-0.15813278720421642,-1.6621851294031103
ncl1670,"LC, LL, +D, +G",-0.6313337579238318,0.3668743880603592,0.019603104706633588,127,reverse,slr1464,ssl2667,0.18987683320752746,-1.3611737533948738
ncl1670,"LC, LL, +FL",-0.6114642742573607,1.0106878207965595,0.9520832492884291,127,reverse,slr1464,ssl2667,-0.07379867526307292,-1.81503885611482
ncl1670,"LC, LL, +G",-1.7451269833514618,0.8660793032624223,0.008488117103644888,127,reverse,slr1464,ssl2667,0.008141550196060077,-1.691796855218644
ncl1680,"HC, HL",-2.7343125599274445,1.3990238686458003,0.004020937266418331,405,reverse,slr1464,ssl2667,0.25781769867985793,-0.3989830155250706
ncl1680,"HC, IL",-1.1470217300763468,0.6679695366965303,0.007574576024267105,405,reverse,slr1464,ssl2667,-0.032302320651615625,-1.820804726960907
ncl1680,"HC, LL",-0.510250408225844,0.2593740442993834,0.032785714814952495,405,reverse,slr1464,ssl2667,0.05924655891207976,-2.0791964178710636
ncl1680,"HC, LL, -N",-0.6278279752511354,0.32860615630131823,0.022314280521921352,405,reverse,slr1464,ssl2667,0.00484166144129264,-1.7251402691986881
ncl1680,"HC, LL, +FL",-0.7891537824873089,0.38704986346803627,0.021083904667130376,405,reverse,slr1464,ssl2667,0.10287135877828137,-2.205109527534837
ncl1680,"HC, LL, +G",-1.6153438164571714,0.6921007268404723,0.004920391531405003,405,reverse,slr1464,ssl2667,0.09903577912621984,-1.5737831482715943
ncl1680,"LC, IL",0.37426021217906424,0.2323404768959877,0.33320288842921175,405,reverse,slr1464,ssl2667,0.05319044748619342,-1.5932257675593038
ncl1680,"LC, LL",-1.0502756873474046,0.48123431129691246,0.006456141270656163,405,reverse,slr1464,ssl2667,-0.15813278720421642,-1.6621851294031103
ncl1680,"LC, LL, +D, +G",-0.8719566143758462,0.49277239329660133,0.03448664876695461,405,reverse,slr1464,ssl2667,0.18987683320752746,-1.3611737533948738
ncl1680,"LC, LL, +FL",0.12417255407726971,0.20634275983298883,0.500452327357044,405,reverse,slr1464,ssl2667,-0.07379867526307292,-1.81503885611482
ncl1680,"LC, LL, +G",-1.7112472591046006,1.0296680483893228,0.0061791741758187475,405,reverse,slr1464,ssl2667,0.008141550196060077,-1.691796855218644
ncr0050,"HC, HL",-4.285919441691398,1.4525364434119599,0.0853034932700875,61,forward,slr0727,slr0728,0.156627920456602,-0.30472787792987066
ncr0050,"HC, IL",-4.573959675329896,1.2251879939129797,0.08849820207338313,61,forward,slr0727,slr0728,0.1792983818878737,-1.5486474111079236
ncr0050,"HC, LL",-3.975076124009152,2.732374567901687,0.09528000226224605,61,forward,slr0727,slr0728,0.13977927615635657,-0.517299593009325
ncr0050,"HC, LL, -N",-5.084307587213001,2.958562637054176,0.09395039017374135,61,forward,slr0727,slr0728,0.05009672064946296,-0.6987948137273091
ncr0050,"HC, LL, +FL",-4.722008670528778,2.7562824957549585,0.0967033174353678,61,forward,slr0727,slr0728,0.017406070331201295,-0.8557371288292228
ncr0050,"HC, LL, +G",-5.015042102556636,2.7137982965698955,0.08175744049020521,61,forward,slr0727,slr0728,0.28414876027758396,-1.0515616080942285
ncr0050,"LC, IL",-2.3330491709079806,2.135122632103537,0.20146942492555026,61,forward,slr0727,slr0728,0.10712376169760385,-0.750929480026143
ncr0050,"LC, LL",-5.3648007344954936,1.7823564033299166,0.08282672430514382,61,forward,slr0727,slr0728,0.07552044076122053,-1.0243134545817822
ncr0050,"LC, LL, +D, +G",-4.883849959747408,2.6843048028161065,0.08574236854009336,61,forward,slr0727,slr0728,0.19948389814078774,-0.9207272596961762
ncr0050,"LC, LL, +FL",-2.989475396475351,1.7861945231316756,0.09519916515625433,61,forward,slr0727,slr0728,-0.013500839948470246,-0.6226488237495074
ncr0050,"LC, LL, +G",-4.164650902388292,1.5738504532739968,0.08326231054918874,61,forward,slr0727,slr0728,0.07348172861336282,-1.2796164405684465
ncr0075,"HC, HL",-2.918283962805236,1.4020845448402461,0.0061731731411464345,255,forward,sll0224,slr0249,-0.06636328777614055,0.1656846160934201
ncr0075,"HC, IL",-2.3229891861022085,1.3638600285112763,0.08951637103985043,255,forward,sll0224,slr0249,0.3250310717739592,0.029594637314649407
ncr0075,"HC, LL",-2.080111342297777,1.472806138238099,0.13116196047285228,255,forward,sll0224,slr0249,0.13193555764954829,0.13845802019227746
ncr0075,"HC, LL, -N",-2.3359220481852936,1.637674463377663,0.1443370592207697,255,forward,sll0224,slr0249,0.23483327783426683,-0.1408022262247286
ncr0075,"HC, LL, +FL",-2.8442167819174182,1.7151891235127448,0.018866712113175307,255,forward,sll0224,slr0249,0.4745974249162614,0.12877244862586842
ncr0075,"HC, LL, +G",-2.979020588940594,1.7410071798896003,0.09624081411418588,255,forward,sll0224,slr0249,0.4539725134829087,0.03720997732939287
ncr0075,"LC, IL",-2.4718406912633824,1.9652135630056875,0.6256020485623845,255,forward,sll0224,slr0249,0.3241540587350228,0.20343986419170887
ncr0075,"LC, LL",-2.5644356601473506,1.4383938618413497,0.0201070883058275,255,forward,sll0224,slr0249,0.048209270595303666,0.14876208217895248
ncr0075,"LC, LL, +D, +G",-3.055114849863322,1.822010867032722,0.09079206796237133,255,forward,sll0224,slr0249,0.5245433337009344,0.10741604515391398
ncr0075,"LC, LL, +FL",-1.8849538244666673,1.6868460092994013,0.6374121954620252,255,forward,sll0224,slr0249,0.22397036651875107,-0.0717138044819094
ncr0075,"LC, LL, +G",-2.1635697220850387,1.2434916888600527,0.08565364498297762,255,forward,sll0224,slr0249,0.15031490801550446,-0.024988350684875593
ncr0200,"HC, HL",-1.7569875137916864,0.718099041930701,0.004020937266418331,271,forward,slr0688,ssr1155,-1.288165830628933,-1.847242146014069
ncr0200,"HC, IL",-0.4102004874408446,0.15813283265931458,0.022924355138007748,271,forward,slr0688,ssr1155,-2.063828270293635,-0.6018705960689378
ncr0200,"HC, LL",-1.1643733130076588,0.26638434714999865,0.004994489800251111,271,forward,slr0688,ssr1155,-0.928874506817603,-1.3498642833700973
ncr0200,"HC, LL, -N",-1.2376193710326004,0.30663252846413186,0.004697199786159316,271,forward,slr0688,ssr1155,-1.7672382040508052,-1.3477836588418861
ncr0200,"HC, LL, +FL",-0.7775143090037018,0.27657384592241946,0.007929686708614051,271,forward,slr0688,ssr1155,-1.095902752529496,-0.9113405939345739
ncr0200,"HC, LL, +G",-0.9144285197104629,0.2943772933040882,0.0059223477118494254,271,forward,slr0688,ssr1155,-1.2234773670847863,-1.0941523604600436
ncr0200,"LC, IL",-1.0470476403774347,0.45732868453887726,0.006084434767218345,271,forward,slr0688,ssr1155,-1.1208109421185526,-1.4166216186195884
ncr0200,"LC, LL",-2.555998093966667,0.9234285496947399,0.004453316100481262,271,forward,slr0688,ssr1155,-0.15472175455658635,-3.1765804458086233
ncr0200,"LC, LL, +D, +G",-0.09312049095028822,0.1939353333929565,0.6599016519101838,271,forward,slr0688,ssr1155,-0.9113421416890973,-0.20197355258537278
ncr0200,"LC, LL, +FL",-2.0257886425730445,0.35144243717483287,0.004700433867676903,271,forward,slr0688,ssr1155,-0.2613298334362818,-2.720572634537933
ncr0200,"LC, LL, +G",-0.9404673598602579,0.2953016258366493,0.005309797298269375,271,forward,slr0688,ssr1155,-1.6514049307709593,-1.0323697703144266
ncr0290,"HC, HL",0.9754610765903035,0.5142449150339472,0.14365070517392162,129,forward,sll1577,ssr2848,1.785198914875395,0.159887228002889
ncr0290,"HC, IL",-1.2836514933877987,0.7940287336759921,0.1660998040201973,129,forward,sll1577,ssr2848,-2.9031271683412205,0.2729272378225078
ncr0290,"HC, LL",-2.519091921400071,1.39446835287834,0.022400588255147205,129,forward,sll1577,ssr2848,-3.1007794963570463,0.1659760589019232
ncr0290,"HC, LL, -N",-1.8660814975193802,1.1566295071536152,0.3415101337651876,129,forward,sll1577,ssr2848,-3.203861529537513,0.05467443462713839
ncr0290,"HC, LL, +FL",-1.8171969399899952,1.1727949362265664,0.6829485375425186,129,forward,sll1577,ssr2848,-2.4568933380308065,-0.010334194578745577
ncr0290,"HC, LL, +G",-0.3351953021557537,0.2387626003041254,0.4604687251843792,129,forward,sll1577,ssr2848,-1.0625758934802048,0.11624855436460753
ncr0290,"LC, IL",-1.459168733112291,0.7522254818118344,0.033108736303301696,129,forward,sll1577,ssr2848,-2.476605305043624,-0.05744540173764341
ncr0290,"LC, LL",-1.67411433149348,1.1190966376626348,0.6304840708257309,129,forward,sll1577,ssr2848,-2.590990102459294,0.24880876540689476
ncr0290,"LC, LL, +D, +G",0.6492363287139993,0.3648253677020067,0.5643948009842686,129,forward,sll1577,ssr2848,1.4159300367735912,0.08531380124377802
ncr0290,"LC, LL, +FL",-1.676023716651502,0.7003242399577481,0.009517888672167176,129,forward,sll1577,ssr2848,-3.0444790737086214,0.10344239207817893
ncr0290,"LC, LL, +G",-0.07477189543318054,0.2362007354848299,0.9511153619031733,129,forward,sll1577,ssr2848,-0.8469694118530319,0.15824848828612267
ncr0650,"HC, HL",-4.528466498885475,2.362789450769895,0.08849217875723325,26,forward,sll2001,ssr3570,-0.30377621820908385,0.14069508613343704
ncr0650,"HC, IL",-3.687552982987925,1.9709583244449052,0.09212486261426253,26,forward,sll2001,ssr3570,-0.3285420331715721,0.09253799856420716
ncr0650,"HC, LL",-2.6515457159089646,1.9290634630388952,0.16601790351627724,26,forward,sll2001,ssr3570,0.2161492707029736,-0.005727266717143063
ncr0650,"HC, LL, -N",-2.933636226899329,1.9577515243040757,0.11644966758648728,26,forward,sll2001,ssr3570,0.12285374941280996,0.0973692724824565
ncr0650,"HC, LL, +FL",-3.3388214253120005,2.1176934136426766,0.1166970297640531,26,forward,sll2001,ssr3570,0.10839506393695819,0.17382679093874057
ncr0650,"HC, LL, +G",-3.6353754000404894,2.31855548474193,0.09624081411418588,26,forward,sll2001,ssr3570,-0.3058647807608213,0.1450198270804088
ncr0650,"LC, IL",-3.3783294642868493,2.6560992662739853,0.18818268718627132,26,forward,sll2001,ssr3570,-0.24820499805936277,0.09011966658965631
ncr0650,"LC, LL",-3.4108497331457133,2.276384205878111,0.10321791781397319,26,forward,sll2001,ssr3570,0.12794458814043033,0.019903255493890024
ncr0650,"LC, LL, +D, +G",-3.453187759567974,2.2666642967752444,0.10535188411876614,26,forward,sll2001,ssr3570,0.12106463066512027,0.1258931023780244
ncr0650,"LC, LL, +FL",-3.2674037292289024,2.590263407629754,0.22066222639860153,26,forward,sll2001,ssr3570,0.05465922279270111,0.28901020755698514
ncr0650,"LC, LL, +G",-3.1123088628259072,1.6300472640688288,0.08574229444536813,26,forward,sll2001,ssr3570,-0.13729483152529193,0.2593091579528646
ncr0840,"HC, HL",-2.198500894087732,0.6916888235374502,0.08849217875723325,76,forward,sll1172,slr1279,-4.417671656133388,-0.36070270616399597
ncr0840,"HC, IL",-2.000737078870057,1.3003621091654156,0.11442471116928274,76,forward,sll1172,slr1279,-5.761073371469387,-0.27786024260410175
ncr0840,"HC, LL",-2.2033203486381883,1.638005202365503,0.13485523168723193,76,forward,sll1172,slr1279,-5.937700715070154,-0.5090611310792859
ncr0840,"HC, LL, -N",-2.897305927850457,2.6635490759682843,0.23168931021635872,76,forward,sll1172,slr1279,-5.327305276606647,-0.10197730720283546
ncr0840,"HC, LL, +FL",-3.0271444852816103,2.2641194989109925,0.1166970297640531,76,forward,sll1172,slr1279,-5.433642666768774,-0.5456434224639278
ncr0840,"HC, LL, +G",-3.612537163780632,1.290674295058315,0.08175744049020521,76,forward,sll1172,slr1279,-5.453791053781552,-2.247998757237517
ncr0840,"LC, IL",-4.038199336091579,1.593807523454829,0.09523205023114731,76,forward,sll1172,slr1279,-5.95516089001071,-2.441222410005173
ncr0840,"LC, LL",-3.4011300075098037,1.9078303300010326,0.08622547335873854,76,forward,sll1172,slr1279,-5.016430099491854,-1.1003801088423815
ncr0840,"LC, LL, +D, +G",-4.123946992835078,0.6618118338522887,0.08574236854009336,76,forward,sll1172,slr1279,-4.8345114062691215,-4.501081885939768
ncr0840,"LC, LL, +FL",-4.581353318452001,2.3218263811329423,0.09519916515625433,76,forward,sll1172,slr1279,-5.228830416062096,-1.7882222498169098
ncr0840,"LC, LL, +G",-2.838258847398798,0.9404424583126425,0.08574229444536813,76,forward,sll1172,slr1279,-5.897976617624082,-1.5787716130724438
ncr0970,"HC, HL",-1.7921392243983656,1.1088795729068213,0.21458406235680455,77,forward,sll1525,slr1643,-2.1555588803838934,-1.2736958654733375
ncr0970,"HC, IL",-3.559616601972567,2.031391878989464,0.04393885350290173,77,forward,sll1525,slr1643,-4.152249798511979,-3.378067832595063
ncr0970,"HC, LL",-3.321949636070999,1.9203835320589722,0.031608057037429665,77,forward,sll1525,slr1643,-5.303214221487063,-2.8722018302836143
ncr0970,"HC, LL, -N",-3.2553352636406303,2.087251312836475,0.5420559409176541,77,forward,sll1525,slr1643,-4.263766207020891,-2.793569171005509
ncr0970,"HC, LL, +FL",-3.5478784685440505,2.1198990793983556,0.21335583393127808,77,forward,sll1525,slr1643,-3.8445449419735347,-2.877063919589778
ncr0970,"HC, LL, +G",-1.8852447664582077,1.830941343690327,0.6518311919139934,77,forward,sll1525,slr1643,-5.118893162894791,-1.4740461920967753
ncr0970,"LC, IL",-1.1503434249107964,1.288647542235915,0.8714778142872791,77,forward,sll1525,slr1643,-5.620723823430796,-0.9394659453403528
ncr0970,"LC, LL",-3.6639716687996198,2.402255508030003,0.7750552162778039,77,forward,sll1525,slr1643,-4.366375363873679,-3.386133098779685
ncr0970,"LC, LL, +D, +G",-4.185996901069579,2.2582169898711273,0.11871931984418056,77,forward,sll1525,slr1643,-6.3737685362308225,-3.4638791348091047
ncr0970,"LC, LL, +FL",-0.8685815260734516,0.9626608615578133,0.9660830622888625,77,forward,sll1525,slr1643,-5.046738347239437,-0.4882087771423861
ncr0970,"LC, LL, +G",-1.2540301268515002,1.1620269721870506,0.4849745463076764,77,forward,sll1525,slr1643,-4.271474929464935,-1.009373772366325
ncr1080,"HC, HL",-3.2577710382039253,2.714382564568639,0.2786359694024496,139,forward,slr0992,slr0993,0.293080569384404,0.3463597414011469
ncr1080,"HC, IL",-2.5835292687556985,1.7009923251988743,0.11991156473561354,139,forward,slr0992,slr0993,0.2122872300879954,0.1078409787650286
ncr1080,"HC, LL",-4.2705785324455166,1.955195022279526,0.09528000226224605,139,forward,slr0992,slr0993,0.17044416951148836,0.39005549592924443
ncr1080,"HC, LL, -N",-3.6145093157150074,2.571476550876386,0.12233652332050476,139,forward,slr0992,slr0993,0.20445799361855682,1.269708531663645
ncr1080,"HC, LL, +FL",-3.584485848064044,2.119665634374916,0.0967033174353678,139,forward,slr0992,slr0993,0.47909294205952324,0.39556121149272183
ncr1080,"HC, LL, +G",-5.827829404611803,3.452262603895365,0.08447283512986582,139,forward,slr0992,slr0993,0.5739063138539398,-1.4992870391953728
ncr1080,"LC, IL",-5.357944764495919,3.5582282370764857,0.09889078965702564,139,forward,slr0992,slr0993,0.27654876214927976,-2.0982726336537194
ncr1080,"LC, LL",-4.5455748022984706,3.420130195409984,0.12238059883788113,139,forward,slr0992,slr0993,0.37677878615455657,-0.30019555795796904
ncr1080,"LC, LL, +D, +G",-5.48982865862871,3.151713880784977,0.08898341210481504,139,forward,slr0992,slr0993,-0.21109422432660044,-2.6927155403000698
ncr1080,"LC, LL, +FL",-6.866245568781593,4.285123077482677,0.09519916515625433,139,forward,slr0992,slr0993,-0.11183354422450376,-1.7062462078530256
ncr1080,"LC, LL, +G",-4.573192528820044,3.2116201070043426,0.10419783475524508,139,forward,slr0992,slr0993,0.3102760190602894,-0.77913482701646
ncr1525,"HC, HL",-1.768041543319751,1.343284011799324,0.08985389107823419,66,forward,sll0586,slr0623,0.10320350545855131,-2.6757758084222414
ncr1525,"HC, IL",-0.604313367617964,0.617952432367158,0.30623904401534285,66,forward,sll0586,slr0623,0.11832846404063349,-3.3372647387027317
ncr1525,"HC, LL",-2.7064436917560437,1.525630743803052,0.06596931623865508,66,forward,sll0586,slr0623,0.06652194491856125,-4.496560767987803
ncr1525,"HC, LL, -N",-2.94799095187576,1.4107477279222254,0.008156153378452321,66,forward,sll0586,slr0623,0.155966672700178,-3.675766859746627
ncr1525,"HC, LL, +FL",-1.9494408943322032,1.057512843860474,0.04535591577464653,66,forward,sll0586,slr0623,0.1833745934757381,-3.798545789767636
ncr1525,"HC, LL, +G",-1.8512770234670564,0.8656689401320481,0.0038861357297089037,66,forward,sll0586,slr0623,0.21263315753252615,-4.168397285849018
ncr1525,"LC, IL",-4.664003399391205,1.775370082807638,0.0046234741971317795,66,forward,sll0586,slr0623,0.08943666828071155,-2.0500097814505858
ncr1525,"LC, LL",-5.098250117537302,2.7061677616253177,0.004463249029571361,66,forward,sll0586,slr0623,0.22934089360209015,-4.026390414854466
ncr1525,"LC, LL, +D, +G",-2.4363606607672907,1.1584456662205485,0.005360832662922616,66,forward,sll0586,slr0623,0.17361217166770532,-3.9266971481807498
ncr1525,"LC, LL, +FL",-6.242010039044035,2.618950185378914,0.004700433867676903,66,forward,sll0586,slr0623,0.059802348525571696,-0.8407304835690098
ncr1525,"LC, LL, +G",-2.17227086840244,1.315687846325535,0.0038809288563452756,66,forward,sll0586,slr0623,0.20872500559910048,-3.7894029309787385
ncr1600,"HC, HL",-0.3269958088542019,0.7519731280189786,0.20343662564968884,247,forward,slr0550,slr0551,-0.21201520861131468,-0.6134777225650621
ncr1600,"HC, IL",-1.476259171703563,0.8321594719653651,0.011988221337557971,247,forward,slr0550,slr0551,-1.1585733629623691,-1.171300150068174
ncr1600,"HC, LL",-2.353595988714125,1.3579439709125105,0.008424156698986768,247,forward,slr0550,slr0551,-1.5059416054641346,-1.5580240988100196
ncr1600,"HC, LL, -N",-1.721994824745568,0.9009050493100189,0.011593971635025247,247,forward,slr0550,slr0551,-1.5878128223529442,-1.509948015022384
ncr1600,"HC, LL, +FL",-2.466750160519989,1.1421356075154825,0.004671615909328382,247,forward,slr0550,slr0551,-1.8745210586490804,-1.7349847118054202
ncr1600,"HC, LL, +G",-1.054548189533442,0.6029013889732926,0.020379604676137475,247,forward,slr0550,slr0551,-2.316143634478159,-1.6478306238423959
ncr1600,"LC, IL",-1.0610585410494715,0.8741997895214539,0.41201721051090107,247,forward,slr0550,slr0551,0.09517720869576572,-1.361370435062488
ncr1600,"LC, LL",-2.0733810969699995,0.808792075556106,0.004453316100481262,247,forward,slr0550,slr0551,-1.3522889517840644,-2.8229636329643855
ncr1600,"LC, LL, +D, +G",0.003378017303589247,0.29942632262343244,0.4093524525721028,247,forward,slr0550,slr0551,-0.6967623757031218,-0.8501289528281404
ncr1600,"LC, LL, +FL",-1.835588929655112,1.245614776964446,0.019045063056706644,247,forward,slr0550,slr0551,0.6029157623854532,-1.7819211859107884
ncr1600,"LC, LL, +G",-0.9747858720616135,0.6274257330909401,0.038810634778639073,247,forward,slr0550,slr0551,-1.9032727925504918,-1.6807001914097073
ncr1650,"HC, HL",-0.4563495463992385,0.4987907741298134,0.16347634557929064,135,forward,sll0629,slr0653,-0.007765335361896466,-0.39786880246531753
ncr1650,"HC, IL",-2.1399393939726723,0.4437538428897877,0.007772517701009417,135,forward,sll0629,slr0653,-0.012786595832103897,-1.8455297357344718
ncr1650,"HC, LL",-1.8796321800359117,0.6858191554418489,0.009263800844786627,135,forward,sll0629,slr0653,0.011453909638666175,-1.6941661167432187
ncr1650,"HC, LL, -N",-2.314218292146684,0.6014761299018851,0.008434008569180432,135,forward,sll0629,slr0653,0.03217186038108458,-1.9451642853400617
ncr1650,"HC, LL, +FL",-2.0684870948740004,0.5490579889628138,0.008668075598720702,135,forward,sll0629,slr0653,-0.007811110332560778,-2.014293663486636
ncr1650,"HC, LL, +G",-2.721540573695784,0.6824932746070321,0.007496976497552928,135,forward,sll0629,slr0653,-0.09656768491802406,-2.1145131390629714
ncr1650,"LC, IL",-5.3757474650539105,0.33605906738186814,0.008527520584863906,135,forward,sll0629,slr0653,-0.011535920577819093,-4.665396094688055
ncr1650,"LC, LL",-1.374571324664564,0.7310400784960642,0.010917976551963438,135,forward,sll0629,slr0653,0.09957924758264639,-0.7309263016061156
ncr1650,"LC, LL, +D, +G",-0.8121304946147422,1.402251517375297,0.9274264466401455,135,forward,sll0629,slr0653,-0.034308261346637337,-0.6125663227841249
ncr1650,"LC, LL, +FL",-5.027879854817265,0.2962476352164489,0.008301176309220537,135,forward,sll0629,slr0653,0.09997739564147401,-4.256632209703439
ncr1650,"LC, LL, +G",-5.28347388546352,0.7541926789912348,0.0072269628526836225,135,forward,sll0629,slr0653,-0.0062689954381280125,-4.053421950689175
