reaction_id,flux_mmol_gDCW_h,sd_flux,min_flux,max_flux,CV
R_ATPS4m,19.260823024332193,0.21800934629123875,16.889733957772737,22.406746766706465,0.011318797022112066
R_H2Ot,-23.95832362413927,0.03409775534445972,-26.490985322849127,-21.52405280205068,0.0014232112346167843
R_CYTCOBO3,11.058902958425337,0.1191702177068266,9.823515910367172,12.746005268323325,0.010775952927232766
R_NADH16,10.658172509140156,0.23074997270261471,8.748211699172979,12.578077652503815,0.0216500504664125
R_PIt2r,8.036019448772517,0.04493728227525477,6.907177408186,8.855710739238498,0.005591982767303884
R_O2t,5.619107177973069,0.038294730906106016,5.020188389044402,6.3807925858872725,0.006815091738456524
R_CO2t,-6.023028816122847,0.040715318112965714,-6.837683070949254,-5.36956561854022,0.006759940779957125
R_PPA,0.8038028309335876,0.4131904351437995,0.6223928747953947,4.105168163430582,0.5140445134584732
R_NH4t,3.1001849082243975,0.01193192382415367,2.763141319346013,3.4456532983369694,0.003848778114008551
R_ACS,0.01710141036832774,0.435490016040674,3.0690030162197754e-4,3.4257225141820435,25.465152093374293
R_PDH1,2.716640447905823,0.08507900451855435,2.309762589754524,3.3652516658618064,0.03131772722597104
R_PDH2,2.716640447905823,0.08507900451855435,2.309762589754524,3.3652516658618064,0.03131772722597104
R_PDH3,2.716640447905823,0.08507900451855435,2.309762589754524,3.3652516658618064,0.03131772722597104
R_FRUabc,3.0250042322634627,0.0017299590488348594,2.7184032108196496,3.3304106050404734,5.718864887472953e-4
R_HEXf,3.0250042322634627,0.0017299590488348594,2.7184032108196496,3.3304106050404734,5.718864887472953e-4
R_EDA,2.733094822556338,0.03291914294270558,2.356274359985047,3.059108606659164,0.012044639897241255
R_EDD,2.733094822556338,0.03291914294270558,2.356274359985047,3.059108606659164,0.012044639897241255
R_G6PDH2r,2.733094822556338,0.03291914294270558,2.356274359985047,3.059108606659164,0.012044639897241255
R_PGL,2.733094822556338,0.03291914294270558,2.356274359985047,3.059108606659164,0.012044639897241255
R_GAPD,2.5615904876017606,0.064628419735277165,2.1168206039031325,3.0022173078991736,0.025229801581510506
R_ENO,2.324114257843299,0.09953929652566984,1.872401623395863,2.923264177957855,0.04282891694749939
R_CS,2.3763788402454935,0.056581258462035044,2.0597458358721217,2.8757308880660446,0.02380986461577392
R_ACONT1,2.357414828048489,0.0567115930029482,2.05354832524754,2.865073282558729,0.02405668799915673
R_ACONT2,2.357414828048489,0.0567115930029482,2.05354832524754,2.865073282558729,0.02405668799915673
R_FUM,2.0701732637311823,0.0617807254911506,1.7610430813384403,2.5559961228810013,0.029843263157500133
R_MDH,2.027787842791551,0.0686616170759474,1.6899471304090503,2.5325000826208113,0.03386035542131689
R_PGI,-2.7358311075830892,0.032919423975157854,-3.062119659495665,-2.358737335840785,0.012032695981821702
R_SUCD1,1.8001020382050559,0.06223369478941689,1.5105813832475734,2.2065378656312635,0.034572315051358014
R_PGK,-2.5433788888638444,0.06797963901927465,-2.974217135868154,-2.075550289720491,0.026728081811531395
R_AKGDH,1.6293556923783943,0.06887370988750074,1.2675986209730734,1.970021799273058,0.042270518469153154
R_PGM,-2.3095237977966203,0.09919625576530605,-2.9004120231363344,-1.8719488151988868,0.042950956322659814
R_LDHm,0.028800844599511717,0.24269188987755125,8.134878366521322e-4,1.571700149474358,8.426554611584752
R_ADK1,-43.46060852625902,198.74858000836446,-1.5,1.5,4.573074026063855
R_ADK3,63.0235158334026,175.8140399153965,-1.5,1.5,2.789657758544386
R_SUCCt2r,67.06988185656743,166.86338637978577,-1.5,1.5,2.487903389134219
R_CITt,-554.0205304673193,154.69956683564664,-1.5,1.5,0.2792307474691538
R_CITt7,554.0181191095521,154.69951024263716,-1.5,1.5,0.27923186066780376
R_GDH1,-350.0736795194796,147.5809833436918,-1.5,1.5,0.42157120622797284
R_DAAD,107.0304490593368,131.52631513852583,-1.5,1.5,1.228868198671284
R_DATA3,107.0304490593368,131.52631513852583,-1.5,1.5,1.228868198671284
R_PROtr,-458.2736632817855,130.17641754493386,-1.5,1.5,0.2840582559615484
R_PROt4,458.2378547729507,130.17036173668225,-1.5,1.5,0.28406723796570565
R_P5CD4,538.4754497914903,127.93664408583497,-1.5,1.5,0.23759048650291278
R_P5CD5,538.4754497914903,127.93664408583497,-1.5,1.5,0.23759048650291278
R_PHCHGS,-538.4754497914903,127.93664408583497,-1.5,1.5,0.23759048650291278
R_SERtr,-60.78275102353581,127.17591319869521,-1.5,1.5,2.092302685501207
R_SERt4,60.780391579671026,127.17591288341924,-1.5,1.5,2.092383901750894
R_3HBCDH,107.1708414864998,123.96407233827887,-1.5,1.5,1.1566958943202335
R_TRSARr,-571.591207642549,123.69956178840893,-1.5,1.5,0.21641263919819748
R_ADK4,-23.44832331231595,122.86753114094196,-1.5,1.5,5.2399282244802246
R_PCNO,640.7420597325026,120.5527561592369,-1.5,1.5,0.1881455327118144
R_ACOADH2,-640.7428350657431,120.55268930033394,-1.5,1.5,0.1881452006996921
R_ICDHyr,387.5528279208761,119.88865453086643,-1.5,1.5,0.3093479027724789
R_ICDHx,-385.3957146030938,119.86864654566067,-1.5,1.5,0.31102745049749553
R_CYTTS3,-573.7218857985567,119.50915363286961,-1.5,1.5,0.20830502825689878
R_CYTTS1,573.7543286878545,119.50860396069808,-1.5,1.5,0.20829229163988686
R_GLUR,-645.73177754466,119.15059081824785,-1.5,1.5,0.18452025277632736
R_CYTTS2,-458.7328666587385,116.27653967608728,-1.5,1.5,0.253473313396984
R_HSERA,-458.70177638528247,116.27653654646502,-1.5,1.5,0.25349048670088337
R_THRD_L,458.7935182767817,116.27651909814975,-1.5,1.5,0.25343975986165146
R_HSK,458.9747313563959,116.27322001143865,-1.5,1.5,0.25333250845383026
R_THRS,458.9747313563959,116.27322001143865,-1.5,1.5,0.25333250845383026
R_ADPT,479.37145542826124,116.26026819962206,-1.5,1.5,0.24252647270321379
R_ADPRT4,479.4628498848426,116.25977674093878,-1.5,1.5,0.24247921766798416
R_PPAKr,325.5360361373697,115.64948371529259,-1.5,1.5,0.35525862232496686
R_PTA2,325.5360361373697,115.64948371529259,-1.5,1.5,0.35525862232496686
R_TYRTA,-171.93990365032033,115.5390459313102,-1.5,1.5,0.6719734248908598
R_LAAO4,171.89274579193932,115.53899786005138,-1.5,1.5,0.6721574975589775
R_HPYRRx,306.34474272415906,113.06066926936602,-1.5,1.5,0.3690635206074643
R_URAt2,555.3128840689891,109.57677091236617,-1.5,1.5,0.197324380643675
R_URIt2,509.2869288578118,109.18894320434117,-1.5,1.5,0.2143957306134313
R_URItr,-509.28750125431867,109.18890302694446,-1.5,1.5,0.21439541076116003
R_VALTA,393.10066242343225,104.43602438941191,-1.5,1.5,0.2656724711313705
R_LEUD4,393.235372615208,104.43592145374963,-1.5,1.5,0.2655811982508073
R_ASPTA,745.6476402168516,103.64655601128038,-1.5,1.5,0.1390020573003323
R_ADNt2,617.3463457378048,100.731412616485,-1.5,1.5,0.16316839536176178
R_ADNtr,-617.3463457378124,100.73141261648486,-1.5,1.5,0.16316839536175953
R_ADPRT3,440.1533461403243,98.07328905759087,-1.5,1.5,0.22281618421758936
R_GUAPRT,440.17419386436563,98.06687988669094,-1.5,1.5,0.2227910705662792
R_GLYAMT,-538.4941646156965,96.6284893906495,-1.5,1.5,0.17944203621892488
R_FOMETRi,538.3665543356151,96.62609626800877,-1.5,1.5,0.17948012462856772
R_GLYD,538.3665543356151,96.62609626800877,-1.5,1.5,0.17948012462856772
R_LPD5,538.3665543356151,96.62609626800877,-1.5,1.5,0.17948012462856772
R_ALAtr,-501.49177778178137,96.17041634432864,-1.5,1.5,0.1917686801760011
R_ASPALAt,-501.47616117168957,96.16035530352671,-1.5,1.5,0.1917545892487688
R_INStr,-260.62616576147974,93.56176815210485,-1.5,1.5,0.35898839197032445
R_DATA4,-525.5424421701708,93.27074013195354,-1.5,1.5,0.17747518116101543
R_PCT1,462.7609456688179,92.78706662084832,-1.5,1.5,0.20050755684826704
R_PCT3,163.67123695178228,89.79852440028345,-1.5,1.5,0.5486518344499235
R_PCT2,-163.6712369517747,89.7985244002827,-1.5,1.5,0.5486518344499444
R_THMDtr,-419.7859626737769,82.50746739027531,-1.5,1.5,0.19654651352502064
R_THMDt2,419.7855926022514,82.50707007395128,-1.5,1.5,0.19654574032064762
R_LAAO5,282.3479933589193,82.41866926277864,-1.5,1.5,0.29190456883470195
R_PHETA2,-282.43218116322487,82.41861708797995,-1.5,1.5,0.2918173727531003
R_THRtr,-380.65434219408235,82.38909659033472,-1.5,1.5,0.21644071131684975
R_THRt,380.61430481480244,82.38535175781615,-1.5,1.5,0.2164536401171334
R_AACOAR,-859.1023898817361,81.87288390888288,-1.5,1.5,0.09530049604466062
R_DADH,343.73793483703696,79.10895217783053,-1.5,1.5,0.23014321132561458
R_LEUTA,277.00517186052946,77.9251491226209,-1.5,1.5,0.2813129754915037
R_LEUD2,276.90235378323547,77.92508491913944,-1.5,1.5,0.2814171994368119
R_SUCCtr,458.3716458369337,77.29754110564876,-1.5,1.5,0.16863508423282242
R_NADTRHD,368.56646630620594,74.81337938678081,-1.5,1.5,0.2029847699834571
R_BENZOTt,347.9854083245057,73.03368587233396,-1.5,1.5,0.20987571353632187
R_BENZt,-347.9854083245012,73.0336858723337,-1.5,1.5,0.2098757135363239
R_ASO3t1,-384.6591154295973,68.79056858553513,-1.5,1.5,0.17883514474551845
R_ASO3t2,384.6591154295951,68.79056858553452,-1.5,1.5,0.1788351447455179
R_NAt3_1g,872.3836410162565,61.85173526011452,-1.5,1.5,0.07089969636301552
R_ALATA_D,183.43146212577398,52.45528074915455,-1.5,1.5,0.285966650111459
R_PYAM5PO,183.43146212577398,52.45528074915455,-1.5,1.5,0.285966650111459
R_LAAO3,28.949558972889772,44.77280976301996,-1.5,1.5,1.5465800292483936
R_ILETA,-29.009887959276966,44.77273209070944,-1.5,1.5,1.5433610827301294
R_P5CD3,118.12268807811046,35.11467128551363,-1.5,1.5,0.29727287667457675
R_CYTTS5,-87.79665918384416,31.64306200982359,-1.5,1.5,0.36041305334367857
R_CYTTS4,87.81108164652122,31.639782026596723,-1.5,1.5,0.36031650485710864
R_P5CR,17.237032081824104,31.253577773471775,-1.5,1.5,1.8131646808517383
R_P5CR2,85.9331748390434,22.506217360010446,-1.5,1.5,0.26190371067012913
R_LAAO2,12.078512010145165,20.583554385651937,-1.5,1.5,1.7041465346363103
R_UNK2,12.078512010145165,20.583554385651937,-1.5,1.5,1.7041465346363103
R_GLUt4,35.956728928585115,20.03912859924721,-1.5,1.5,0.5573123361429124
R_PROD2,35.71117166878477,17.578775827611068,-1.5,1.5,0.4922486439440104
R_P5CR1,35.86306876280534,17.568242233271732,-1.5,1.5,0.4898700205904376
R_PPC,1.208153850014185,0.03463053698808499,0.9942936381151455,1.4041837251787657,0.028664012441526707
R_PYK,0.8628220542897155,0.09454562883975744,0.6076561137611595,1.3115793774643638,0.10957720467355048
R_SUCOAS,-1.5903390028571738,0.07661945469984141,-1.9613292171428591,-1.2541546522267342,0.04817806427572254
R_GLNS,0.683949539212864,0.046216571805055215,0.5449928864185495,0.9037912883391193,0.06757307250801632
R_HCO3E,0.6052248679514642,0.06595975247691155,0.41882030774543233,0.8144468994880121,0.10898387685253072
R_ICL,0.21281558244945006,0.11199071611239537,0.010425566909883024,0.7591871136353678,0.526233628305843
R_PGLCED,0.35454444740344493,0.04364689913782635,0.2825002519563977,0.6000943541962289,0.12310698829859112
R_PSERT,0.35454444740344493,0.04364689913782635,0.2825002519563977,0.6000943541962289,0.12310698829859112
R_PSP_L,0.35454444740344493,0.04364689913782635,0.2825002519563977,0.6000943541962289,0.12310698829859112
R_FUMt2_2,0.09232699885320925,0.09780981236515258,1.558222124213435e-5,0.47519253869154776,1.0593847258120073
R_ACGK,0.16937467673100082,0.09666340058401157,0.08130003356596184,0.46271266005157624,0.5707075133641815
R_GACT_h,0.13020830883116108,0.09642741788066245,0.052264276861251284,0.45571275916260073,0.7405627086801216
R_ACCOAC,0.3250948809335181,0.02009086564805048,0.28279241242357234,0.4404332267770322,0.061800006171610744
R_XANt2,0.09815085475302471,0.09366035924702122,6.440898707231243e-5,0.4146908155894803,0.9542490432986769
R_NADHDH,0.0551827742927621,0.11841534103100712,2.439954722906801e-5,0.41273626841987593,2.145875095057313
R_PIabc,0.012375755065743333,0.04487553579546508,3.186858732292056e-6,0.41059420639672284,3.626084675809612
R_ASPK,0.32918809040989394,0.01582776466466661,0.2662378285874476,0.4101219408480162,0.04808121899233478
R_NAt3_15,0.1252655923224406,0.09269571642025841,3.1874186308571205e-6,0.4093487290581175,0.739993438754151
R_ASPt2_2,0.11455636796699645,0.09542249096429807,3.187418630836099e-6,0.404198842877554,0.8329741301835719
R_FDH2,0.04336178026136409,0.07108482100545194,1.5682759722904514e-5,0.37319649038173586,1.639342770914538
R_GLXCL,0.08849877058703709,0.05592973011763904,0.005605502204543407,0.36686363203285777,0.6319831309140399
R_ORNCD,0.07969918951303331,0.09680243449601393,5.849857040178688e-4,0.36467336308560244,1.2145974769314776
R_MCOATA,0.3134401294118034,1.5719791566521683e-4,0.2820127537678378,0.3461930646610219,5.015245366322809e-4
R_SUCCt2_2,0.04663478200051965,0.09457678693509317,3.18741863085222e-6,0.33739496568749827,2.02803107204488
R_ASP1DC,0.19312841333584171,0.04645880876679354,0.01735501403137566,0.3046946279228977,0.24055915939206596
R_GUAt2,0.077741496465,0.06255358303574231,4.4527142298429203e-4,0.30118159256500376,0.8046356949651021
R_ACALD,0.0710741069196649,0.051232593243376263,-0.043696228862350556,0.2962153869565559,0.720833443623632
R_G5SADs,0.1579522187004527,0.08279250531970034,0.0030390166257413037,0.2947471524337597,0.5241617116927718
R_G5SD,0.1579522187004527,0.08279250531970034,0.0030390166257413037,0.2947471524337597,0.5241617116927718
R_GLU5K,0.1579522187004527,0.08279250531970034,0.0030390166257413037,0.2947471524337597,0.5241617116927718
R_GLYK,0.047838533922843623,0.04649695935406297,7.570755606720713e-4,0.28816520284556757,0.9719561939137932
R_PC,0.1365693144498435,0.05701587565917231,0.01575191092346709,0.27817823785209406,0.4174867237845877
R_ACLS,0.2389157369918456,0.001034079429091192,0.21378141779269913,0.2681214107030429,0.004328218149675448
R_DHADT1,0.2389157369918456,0.001034079429091192,0.21378141779269913,0.2681214107030429,0.004328218149675448
R_ASPSAD,-0.32918809040989394,0.01582776466466661,-0.4101219408480162,-0.2662378285874476,0.04808121899233478
R_ASP4DC,0.08402005668253465,0.04909901436732045,0.044080263782715054,0.26582436531134646,0.5843725451511951
R_PAAD7,0.10231778935653582,0.04646754155696545,6.472795453230378e-4,0.2619004952895557,0.4541491938908589
R_TPI,0.01321871265183746,0.04820195048613202,-0.06742741551851901,0.2518427644675486,3.646493554683007
R_SERD_L,0.018082969423487624,0.040250525366662675,5.515503116284371e-4,0.25012001969175246,2.2258802978664574
R_ADSS,0.08278086694535775,0.02989279508694557,0.04056975948420501,0.24592873074927785,0.36110753837208903
R_ADSUCL1,0.08278086694535775,0.02989279508694557,0.04056975948420501,0.24592873074927785,0.36110753837208903
R_NDPK2,0.166661281968265,0.011865171794098198,0.14151347129441977,0.23720312591065781,0.07119333089227958
R_GART,0.12198169740191558,0.016759460112487547,0.09520875490267566,0.2291581233843787,0.13739323578411164
R_PRUK,0.04358708569177002,0.047335143493958974,7.667678487822009e-4,0.22215018287762944,1.085990098734604
R_RBPC,0.04358708569177002,0.047335143493958974,7.667678487822009e-4,0.22215018287762944,1.085990098734604
R_THD2,0.025931158179898703,0.0325935503705782,7.680109582172412e-6,0.22126677404871004,1.2569261328190133
R_HSDy,-0.27270920251161773,0.01599276928941982,-0.3497070249069357,-0.21747370844935432,0.05864403966616604
R_KARI,-0.2389157369918456,0.001034079429091192,-0.2681214107030429,-0.21378141779269913,0.004328218149675448
R_HXPRT,0.05040443619094175,0.033091946721647315,1.122636703824073e-4,0.21257801528527945,0.6565284570645453
R_GHMT3,0.17807105615584118,0.00809822859604337,0.13793917988824728,0.2092384906078692,0.04547751201608026
R_ADNK,0.09846095952476343,0.04066821818248966,0.005938604425645638,0.20229654040010683,0.41303901951373323
R_GF6PTA,0.12816076292205747,0.017648230427250108,0.10350698938531673,0.20167726836870806,0.13770384964065088
R_NTP1,0.024352851291374544,0.03772308747273379,4.3776657008674997e-4,0.19971449093360916,1.5490213865057685
R_LYSt,0.019087053398584436,0.03475181981838376,1.2338343066072117e-5,0.1965221922975335,1.8207011366647656
R_PRPPS,0.14279364214352308,0.01018666631706323,0.11116962280031287,0.19382866837687812,0.07133837448325975
R_SUCCt_3,0.009892967999783429,0.04667026442827207,1.5937093154369738e-6,0.18519472287045563,4.717518992206762
R_NAt3_2,0.029746311511762037,0.036107405981972956,7.869448809899955e-6,0.18222793066267365,1.2138448145981282
R_PTRCORNt7,0.05216847236983052,0.04065074003047131,0.001282403256945409,0.1817131590308537,0.779220440696285
R_GLUS,0.014828793972780141,0.03436546190438402,9.718774876147862e-5,0.17769481031812628,2.317481918453082
R_P5CD,0.01873423801726998,0.035636759469945815,1.7763709130367365e-5,0.17192762215008536,1.9022262574594389
R_DHQND,0.14476805978576487,0.003513481269498379,0.1213846440711039,0.16776953510621453,0.024269726863078826
R_DHQS,0.14476805978576487,0.003513481269498379,0.1213846440711039,0.16776953510621453,0.024269726863078826
R_DPHS,0.14476805978576487,0.003513481269498379,0.1213846440711039,0.16776953510621453,0.024269726863078826
R_PSCIT,0.14476805978576487,0.003513481269498379,0.1213846440711039,0.16776953510621453,0.024269726863078826
R_SHKK,0.14476805978576487,0.003513481269498379,0.1213846440711039,0.16776953510621453,0.024269726863078826
R_SKDH,0.14476805978576487,0.003513481269498379,0.1213846440711039,0.16776953510621453,0.024269726863078826
R_CHORS,0.14476805978576487,0.0035134812694983765,0.1213846440711039,0.16776953510621453,0.024269726863078808
R_CHORM,0.1347678962002284,0.0028146349748953896,0.11792184261322873,0.15845092971348035,0.020885055374861745
R_ORNabc,0.025419532990528702,0.026373817074069734,0.0012802783111914861,0.15745880368996795,1.0375413696190483
R_HISabc,0.02585385914830124,0.033622968884751886,8.662519792699416e-5,0.1556310200919118,1.3005009693866583
R_VALabc,0.027329405871127675,0.03811471435053434,2.597036873670103e-6,0.15422506823660168,1.394641161621478
R_SUCDi,0.07111296971374778,0.03878788951960975,6.896188929772454e-4,0.15401609875028296,0.5454404404111274
R_CBPS,0.13544798959342289,0.0010495214816916027,0.12026538363305739,0.15197431310331203,0.0077485201872835
R_MSDHA,0.09117819504666788,0.023931318423808093,0.0017359313620829244,0.14662165762986729,0.2624675604903046
R_CYTK1,0.07085315259898342,0.017942027831819227,0.03420571697139222,0.14532761465021157,0.2532283627994367
R_LYStr,9.545372835748963e-4,0.03915246799721543,-0.12652638102245525,0.14332013337671445,41.01722234524262
R_NDPK3,0.06356184710021123,0.017978907170316874,0.028209127596302137,0.13736133869883066,0.28285690222267196
R_ASNS,0.07956105700703361,0.009665337398301587,0.06490080633920958,0.1358715326520093,0.12148327035734481
R_LYSabc,0.015877237129592416,0.02913607880620855,3.125252301625709e-4,0.13003320348436806,1.835084943834715
R_CDS,0.05574907955660492,0.017938535001513566,0.020524154698038317,0.1286285505300689,0.3217727565044306
R_PUNP5,0.027881345386705468,0.02185328482522562,1.0220575948785996e-4,0.12855371884155714,0.7837959224035803
R_TKT2,-0.16635590028769742,0.015712026103310444,-0.24233472739746575,-0.12749252545883166,0.09444826469117068
R_G1PACT,0.11503335460170602,5.655162361713001e-5,0.10350536968537953,0.12704180791679037,4.916106620808858e-4
R_UAGDP,0.11503335460170602,5.655162361713001e-5,0.10350536968537953,0.12704180791679037,4.916106620808858e-4
R_GLUK,0.015698715752048294,0.023629174920333475,8.618663113387796e-6,0.12689044589829512,1.5051661099889941
R_L_LACD2,0.021101883817761007,0.027379633278222938,7.99610039272813e-6,0.1267941868918201,1.2974971104322963
R_RPE,-0.1797409161121878,0.03140171602798661,-0.3127226686724146,-0.12637021827215847,0.17470544107156322
R_CITL,0.009415017647789079,0.020532926255644852,1.489186298205324e-6,0.12481457406673702,2.1808696514197807
R_GLYCTO1,0.01292221866035081,0.034296240937966925,1.5038200749706943e-5,0.12274237770563287,2.654052050922025
R_FUMt2_3,0.03897890126571929,0.020458474004986762,1.5937093154372487e-6,0.12066133056904645,0.5248602023315455
R_MDH2,0.020027895440869175,0.022254109702397624,1.9508158232836933e-6,0.11944118050506174,1.1111556762467218
R_ARGabc,0.025047439671093318,0.02966889654237207,2.124945753924561e-6,0.11871742338973194,1.1845081546044114
R_CHLabc,0.003917205544978991,0.018188048555387606,2.1249457539195695e-6,0.11823975173831484,4.643118250126228
R_PPCK,0.01442452124448961,0.02940461756469687,3.577491819915725e-6,0.11705163744494868,2.0385160149374033
R_NADH5,0.009714665749932811,0.02014838237899957,4.75719507236987e-6,0.11563770085008465,2.074017047795898
R_AACOAS,0.01663148070806176,0.027492679332929995,1.6328353476268462e-6,0.11543344936580374,1.653050610196331
R_IPMD,0.10254434097510844,3.863266987778232e-4,0.09181678824604164,0.11394380995551096,0.0037674112008930843
R_IPPS,0.10254434097510844,3.863266987778232e-4,0.09181678824604164,0.11394380995551096,0.0037674112008930843
R_OMCDC,0.10254434097510844,3.863266987778232e-4,0.09181678824604164,0.11394380995551096,0.0037674112008930843
R_ACGS,0.015372489684784812,0.023738237564426078,2.9483685678254103e-6,0.11358237165215526,1.5442025365560277
R_ACODA,0.015372489684784812,0.023738237564426078,2.9483685678254103e-6,0.11358237165215526,1.5442025365560277
R_PTRCabc,0.02978548596580851,0.02325987083473758,2.124945753909471e-6,0.11212274821029482,0.7809129205223697
R_ADA,0.01085076208652374,0.01972013917486213,1.0640579231781483e-5,0.11169079120634688,1.8173966968968789
R_ALADH,0.01974191789465493,0.02570472347675824,3.0386688278967363e-4,0.10964372087512278,1.3020378067582643
R_ALDD2x,0.020890085543756022,0.025878623481842025,1.6634165594494294e-6,0.10958768810956429,1.238799306380871
R_APPS2,0.03185432271441865,0.02649954686565929,9.118252180949799e-5,0.10840366223305942,0.8318979845603324
R_SUCD4,0.016354421763720137,0.02455493742235097,6.381885329745959e-5,0.10481295659314425,1.5014249832312911
R_NTD7,0.026513287966978754,0.026227579958265457,7.968546577085526e-7,0.1042889049217519,0.9892239691633442
R_PUNP3,0.021763648790437483,0.025988537074666876,8.888312081100535e-6,0.10393742671692124,1.1941259172536236
R_PGAMT,-0.11503335460170602,5.655162361713001e-5,-0.12704180791679037,-0.10350536968537953,4.916106620808858e-4
R_NTD9,0.01547877483729395,0.02487992636288086,3.895555310500846e-6,0.10281355471691732,1.6073575993195628
R_CYTBD,0.038140444167413565,0.03229202659709061,3.187418630869862e-6,0.10221341743050757,0.8466609999439983
R_FTHFD,0.006523922345978754,0.015962545300875312,8.327401054328298e-5,0.10193947401231462,2.446771199034026
R_MALS,0.03330356206548865,0.026406672587978297,0.0011138600888157292,0.10068243863718905,0.7929083542490679
R_ARGSL,0.08942576365183982,2.718526884003904e-4,0.08020232346668593,0.09991384371430904,0.003039981737911582
R_ARGSS,0.08942576365183982,2.718526884003904e-4,0.08020232346668593,0.09991384371430904,0.003039981737911582
R_OCT,0.08942576365183982,2.718526884003904e-4,0.08020232346668593,0.09991384371430904,0.003039981737911582
R_TRDR,0.08801098442365643,8.138970743406347e-4,0.07851597223290595,0.09955513192969843,0.009247676067600805
R_DADA,0.013282413528865169,0.021123449661393942,3.963830745925309e-6,0.09935598923491303,1.590332179877455
R_PUNP6,0.013282413528865169,0.021123449661393942,3.963830745925309e-6,0.09935598923491303,1.590332179877455
R_PPS,0.02441029374551302,0.022489409255938998,2.9597246943641406e-5,0.09812755477050503,0.9213084238313556
R_CYSS,0.03319762195076645,0.01294854903107682,0.024600266095644842,0.09730317159040887,0.3900444751819903
R_SEROAT,0.03319762195076645,0.01294854903107682,0.024600266095644842,0.09730317159040887,0.3900444751819903
R_ME2,0.016548589871621493,0.025324955343329632,1.5303715316328655e-6,0.09618891455959448,1.5303391732946607
R_ARBabc,0.0065360924973554115,0.01805764319734396,1.344061187868452e-4,0.09618005103488524,2.762758208310289
R_LEUabc,0.02069972272758014,0.023694064611869358,3.486224484164535e-5,0.09595402341223715,1.1446561349490727
R_ASPt2_3,0.05101610223228102,0.028093643118008688,2.2844302594350144e-6,0.09587369578126942,0.5506818805971444
R_PRAZCFT,0.07772321600581898,0.003089906322648769,0.06539357228451637,0.09523732186745715,0.03975525565511126
R_PPNDH,0.08470552500693515,3.511338223837464e-4,0.07562939016643075,0.09465930578036974,0.004145347335430573
R_MCDC,0.010915607913439544,0.020077173721014738,2.833112930995169e-6,0.0946194870161516,1.8393088026087183
R_IPMALD2,-0.10254434097510844,3.863266987778232e-4,-0.11394380995551096,-0.09181678824604164,0.0037674112008930843
R_IPPMIa,-0.10254434097510844,3.863266987778232e-4,-0.11394380995551096,-0.09181678824604164,0.0037674112008930843
R_GLUabc,0.04929038164941572,0.030206529323175524,1.0624728769532656e-6,0.0911812653676791,0.6128280673098336
R_SUCCabc,0.016005217485267585,0.021785319246817876,1.7657707680472125e-6,0.08957628157063029,1.3611385953905804
R_ALAAPT,0.01640063950832621,0.0214604583637203,1.1483115109647878e-4,0.08914919038449655,1.3085135096607263
R_GGLUCYSS,0.01640063950832621,0.0214604583637203,1.1483115109647878e-4,0.08914919038449655,1.3085135096607263
R_GTHHR,0.01640063950832621,0.0214604583637203,1.1483115109647878e-4,0.08914919038449655,1.3085135096607263
R_GTHS,0.01640063950832621,0.0214604583637203,1.1483115109647878e-4,0.08914919038449655,1.3085135096607263
R_GLYBabc,0.02308570250195735,0.018333456599104427,2.1249457538970837e-6,0.08752158683759396,0.7941476590348507
R_ALAR,0.01331384433221814,0.017736997382342988,4.327627941102511e-5,0.08634690659186758,1.3322220794951967
R_FDH,-0.1463752899657199,0.07100128637498333,-0.47736581572534154,-0.08448588836916786,0.48506333542779895
R_DAGK,0.018844568837102338,0.014603142410996455,0.0024668361568918142,0.08442082096097366,0.7749257909390262
R_SADT,0.06223242836543777,0.0048487793782765005,0.052564369217104535,0.0837283943719089,0.07791403140825183
R_PPLCg,0.0161082392660394,0.014603215454627633,4.318764858230808e-6,0.08141106374743703,0.9065680744769684
R_ACOTA,-0.16937467673100082,0.09666340058401157,-0.46271266005157624,-0.08130003356596184,0.5707075133641815
R_AGPR,-0.16937467673100082,0.09666340058401157,-0.46271266005157624,-0.08130003356596184,0.5707075133641815
R_THRA,0.016256844777748587,0.012539336009614759,2.7964549927995982e-5,0.08102947846152553,0.7713265508186351
R_PROabc,0.009277615545589342,0.025833052661855028,3.933689227393431e-6,0.08050735406209478,2.7844495748841718
R_CLPNS2,0.01072255836048499,0.012163378310229095,0.00174010357554908,0.07753536857152331,1.1343727775876555
R_GAM,0.011755356629382076,0.019660296114598887,1.0356289499086066e-4,0.07641226666537645,1.6724542465567322
R_ALAabc,0.031976701638212715,0.02209682509073197,1.062472876958819e-6,0.07554075589999427,0.6910289041295579
R_G6PDA,0.013130603894729913,0.01765474310994497,1.5937093154109671e-6,0.07509858133252467,1.3445492112537842
R_XPPT,0.01579251169656508,0.013247084557077795,0.0018083642325844762,0.07415420830687898,0.8388206266112235
R_UMPK,0.06394036177847738,8.473511750030217e-4,0.05681314593579367,0.0730571817690708,0.013252211145421513
R_GLYOX,0.005660424136660857,0.01133747804772596,2.4575576393390353e-6,0.07261590445009986,2.0029379025321687
R_LGTHL,0.005660424136660857,0.01133747804772596,2.4575576393390353e-6,0.07261590445009986,2.0029379025321687
R_MGSA,0.005660424136660857,0.01133747804772596,2.4575576393390353e-6,0.07261590445009986,2.0029379025321687
R_G3PD5,0.014905604195340339,0.014934409049679909,3.974025980387662e-6,0.07186627200798876,1.0019324848534872
R_P5CD1p,0.017302991433907657,0.01687735592917249,7.201927039636951e-5,0.07068257393551632,0.9754010451683474
R_CYSTBL1,0.005859838588172926,0.012949826053015458,5.206247167964751e-6,0.06722973372001266,2.20992879891819
R_ACHBS,0.060187185928725774,2.8750975775457916e-4,0.05381998637706704,0.06697201063604585,0.0047769264058142025
R_DHADT2,0.060187185928725774,2.8750975775457916e-4,0.05381998637706704,0.06697201063604585,0.0047769264058142025
R_KARIS2,0.060187185928725774,2.8750975775457916e-4,0.05381998637706704,0.06697201063604585,0.0047769264058142025
R_GALUi,0.010586102571890941,0.011814403914999742,0.0024668267235902755,0.06645511847971577,1.1160296090810875
R_TDP,0.008283699524976065,0.011690233201246274,2.390563973160699e-6,0.06625731154261147,1.4112333705488977
R_TMPK,0.008283699524976065,0.011690233201246274,2.390563973160699e-6,0.06625731154261147,1.4112333705488977
R_DAPE,0.05478589184695691,0.001515626506353069,0.04876081558290152,0.06574621359667984,0.02766454018101842
R_DHDPRy,0.05478589184695691,0.001515626506353069,0.04876081558290152,0.06574621359667984,0.02766454018101842
R_DHDPS,0.05478589184695691,0.001515626506353069,0.04876081558290152,0.06574621359667984,0.02766454018101842
R_SDPDS,0.05478589184695691,0.001515626506353069,0.04876081558290152,0.06574621359667984,0.02766454018101842
R_THDPS,0.05478589184695691,0.001515626506353069,0.04876081558290152,0.06574621359667984,0.02766454018101842
R_GARFT,-0.08632949439531686,0.016312772825403703,-0.18951501940584412,-0.06564549268781984,0.18895943894568468
R_IMPC,-0.07772321600581898,0.003089906322648769,-0.09523732186745715,-0.06539357228451637,0.03975525565511126
R_PPND,0.050085266120269804,0.0027146613843586943,0.04229245244679811,0.06498549313076099,0.054200797852206176
R_ADSK,0.05841426373110768,2.8717074866963472e-5,0.05256032029425302,0.06451219038359375,4.916106620662686e-4
R_BPNT,0.05841426373110768,2.8717074866963472e-5,0.05256032029425302,0.06451219038359375,4.916106620662686e-4
R_PAPSR,0.05841426373110768,2.8717074866963472e-5,0.05256032029425302,0.06451219038359375,4.916106620662686e-4
R_SLFR,0.05841426373110768,2.8717074866963472e-5,0.05256032029425302,0.06451219038359375,4.916106620662686e-4
R_SO4t,0.05786402301389848,4.8422341536339146e-4,0.050969401000465764,0.06450244490334517,0.008368298471868865
R_TRE6PP,0.007849357876024147,0.011814587460166738,4.309331556693898e-6,0.06344522294914756,1.5051661099889941
R_TRE6PS,0.007849357876024147,0.011814587460166738,4.309331556693898e-6,0.06344522294914756,1.5051661099889941
R_TREH,0.007849357876024147,0.011814587460166738,4.309331556693898e-6,0.06344522294914756,1.5051661099889941
R_FORTF,0.004223379523000051,0.014638907266831959,5.504371126336967e-5,0.06260753941924976,3.4661595499789004
R_THFAT,0.004223379523000051,0.014638907266831959,5.504371126336967e-5,0.06260753941924976,3.4661595499789004
R_PPSERS,0.019588695563762668,0.008370489524086143,0.014441355211814713,0.062499998157922135,0.4273122473540708
R_PSDC_BS,0.019588695563762668,0.008370489524086143,0.014441355211814713,0.062499998157922135,0.4273122473540708
R_ME1,0.012611311312983112,0.013438551024915944,3.5464090579464906e-5,0.062050742793444705,1.06559505918161
R_ACYP,0.008052415369318958,0.013995059218482524,8.646841547412792e-7,0.06083594700682743,1.7379951948090047
R_RPI,-0.12232331003344594,0.01641260815399359,-0.15305932447559673,-0.05928887528455243,0.13417400289042222
R_ATPPRT,0.04621075174765421,0.002316211195041859,0.039233446031895124,0.059288575533612,0.05012277678775127
R_HISTD,0.04621075174765421,0.002316211195041859,0.039233446031895124,0.059288575533612,0.05012277678775127
R_HISTP,0.04621075174765421,0.002316211195041859,0.039233446031895124,0.059288575533612,0.05012277678775127
R_HSTPT,0.04621075174765421,0.002316211195041859,0.039233446031895124,0.059288575533612,0.05012277678775127
R_IGPDH,0.04621075174765421,0.002316211195041859,0.039233446031895124,0.059288575533612,0.05012277678775127
R_IMG3PS,0.04621075174765421,0.002316211195041859,0.039233446031895124,0.059288575533612,0.05012277678775127
R_PRAMPC,0.04621075174765421,0.002316211195041859,0.039233446031895124,0.059288575533612,0.05012277678775127
R_PRATPP,0.04621075174765421,0.002316211195041859,0.039233446031895124,0.059288575533612,0.05012277678775127
R_PRMIIZCI,0.04621075174765421,0.002316211195041859,0.039233446031895124,0.059288575533612,0.05012277678775127
R_THRabc,0.03016866378110732,0.01800563845378278,1.0624728769372136e-6,0.05883241918307078,0.5968324810281636
R_GK1,0.03319878715341293,0.005132519679845394,0.025008856326412157,0.058159205514784054,0.15459961401986808
R_NTP3,0.013665421487972017,0.013967220616443319,1.931199369025964e-6,0.05793355455884134,1.0220848752259077
R_Kabc,0.007827419590063993,0.01168069863023314,8.719419262335018e-5,0.05678173507857638,1.4922796070700541
R_ASNN,0.007444015929126074,0.009661868789975377,2.6561821923962664e-7,0.05646759558707337,1.297937683364103
R_RBFK,0.015236938251129376,0.011773000734472178,0.0029818007562395455,0.05623440122493987,0.7726618393035459
R_ILEabc,0.016330614902217808,0.015644574316041788,2.124945753916887e-6,0.056234224519948015,0.9579905233033907
R_NTD10,0.009106800717499619,0.01181695202191275,5.746634721525868e-4,0.05440144130788881,1.2975964214529596
R_CTPS2,0.03673322211114866,0.0068263369743932914,0.02394125540765149,0.05398029584864511,0.18583550753424036
R_GMPS,0.03308272588164393,0.006148489914947584,0.025002706703676485,0.05358404420456653,0.1858519741373275
R_BTPT2,0.01727108121090286,0.011994674274268856,3.377621465084249e-4,0.05320913156731291,0.6944946947905543
R_ASPCT,0.045937514241508146,9.230995476621649e-4,0.04006306016637158,0.05312415036007659,0.020094677801004567
R_DHORD_NAD,0.045937514241508146,9.230995476621649e-4,0.04006306016637158,0.05312415036007659,0.020094677801004567
R_OMPDC,0.045937514241508146,9.230995476621649e-4,0.04006306016637158,0.05312415036007659,0.020094677801004567
R_PUNP7,0.008770363808570205,0.011796852867027464,1.4700600961765932e-4,0.05300765192684401,1.345081358597672
R_ACP1p,0.011926164017371194,0.011772686725271864,1.9477776552535578e-6,0.052587857203920244,0.9871310429845019
R_ACOATA,0.046945731074416644,1.2481797652459794e-4,0.0420491622225394,0.05205468145722529,0.0026587716000575448
R_DUTPDP,0.009111012187115597,0.01225907325778756,4.637391681305946e-4,0.05117864932346542,1.3455226495167918
R_NNATr,0.009076746570163424,0.011515365052767372,0.002452801980015571,0.05078371599085372,1.2686665826519867
R_TRPS2,0.013556076893383544,0.013361943042034462,1.6990015371123112e-6,0.050696573153952124,0.9856792010789025
R_AADT2,0.008239791278642099,0.011262414416979597,1.3509137216229246e-4,0.049073486895241096,1.3668324883631786
R_ASNabc,0.009606210652423109,0.009350530837884,2.597036873656512e-6,0.048814443334396704,0.9733839050807598
R_SDPTA,-0.05478589184695691,0.001515626506353069,-0.06574621359667984,-0.04876081558290152,0.02766454018101842
R_NADDP,0.00635168150741159,0.011515407133507965,7.96854657720426e-7,0.04778589251279018,1.8129698600395778
R_NDPK6,0.007839085257721794,0.011991610891977002,-0.001027667974444429,0.047552639747529005,1.529720687776015
R_GLUPRT,0.03463109662260519,0.0023024689168294255,0.028211831156991284,0.04711091622385443,0.06648559073715575
R_PRAIS,0.03463109662260519,0.0023024689168294255,0.028211831156991284,0.04711091622385443,0.06648559073715575
R_PRFGAS,0.03463109662260519,0.0023024689168294255,0.028211831156991284,0.04711091622385443,0.06648559073715575
R_PRGCS,0.03463109662260519,0.0023024689168294255,0.028211831156991284,0.04711091622385443,0.06648559073715575
R_DAPDC,0.03753678122894662,0.001514840463132144,0.033241795802655155,0.04675834274158305,0.04035616303626933
R_GLYCK,0.015815748274599147,0.01008169752301342,2.4241772497486293e-6,0.046302502952049504,0.6374467617953373
R_THRD,0.012244498091531355,0.010800975433075065,1.519991092616188e-4,0.04577130532660857,0.882108466376856
R_ETHAAL,0.003660101650969469,0.008371465806087382,1.1044572091102707e-4,0.044981430896608283,2.2872222152272714
R_PPLDe,0.003660101650969469,0.008371465806087382,1.1044572091102707e-4,0.044981430896608283,2.2872222152272714
R_TRPAS2,0.004401532422575013,0.013330930362262818,-0.012456907799475626,0.04434985150856412,3.028702070644721
R_AMPN,0.0061116295802963365,0.009311819686731131,1.451493404542863e-6,0.0442968109461681,1.5236230475669021
R_GLYCEK1,0.012659691429362498,0.011207122622158158,6.065098783859844e-7,0.04356385859027845,0.8852603307664122
R_ALHD1,0.019377783323534528,0.01480622904966548,5.086359212896184e-5,0.0432668351312132,0.7640827024669614
R_ADSL1r,0.031025539851717878,0.002302297840267737,0.024968356837369567,0.043146595023490664,0.07420653601101672
R_PRAIZC1,0.031025539851717878,0.002302297840267737,0.024968356837369567,0.043146595023490664,0.07420653601101672
R_PRASUCS,0.031025539851717878,0.002302297840267737,0.024968356837369567,0.043146595023490664,0.07420653601101672
R_URIDK2r,0.0030118155130731427,0.011813703578442889,-0.006431366121494995,0.042141591354440754,3.922452596171348
R_DLDHD,-0.016350915509193077,0.24394476003852644,-1.5608003976327502,0.040498768954763065,14.919333409885938
R_DHR,-0.045937514241508146,9.230995476621649e-4,-0.05312415036007659,-0.04006306016637158,0.020094677801004567
R_ORPT,-0.045937514241508146,9.230995476621649e-4,-0.05312415036007659,-0.04006306016637158,0.020094677801004567
R_METS,0.03470188434439356,1.7059816338067762e-5,0.031224259957316234,0.03832445068211432,4.916106620827911e-4
R_MTHFR2,0.03470188434439356,1.7059816338067762e-5,0.031224259957316234,0.03832445068211432,4.916106620827911e-4
R_FBP,0.006966573989272137,0.00795900796059855,4.8330778944000494e-5,0.03686929013345821,1.1424565321282265
R_POX,0.008315185777518493,0.008286402122998032,1.458071876641167e-5,0.036778255865227504,0.996538423158472
R_IMPD,0.02847822024297237,0.0011129511795243204,0.023441542819596282,0.03520759128518297,0.03908078419328068
R_ASPabc,0.00887676557008532,0.0079699465050004,1.0624728769583213e-6,0.03498626070851883,0.8978435266848886
R_PGRPP,0.009829497135442272,0.008122652515548596,1.062128707166715e-5,0.03363064555499095,0.8263548382613292
R_PPGS,0.009829497135442272,0.008122652515548596,1.062128707166715e-5,0.03363064555499095,0.8263548382613292
R_CNITRT,0.013146767276522007,0.008636828805775229,4.985233211777546e-7,0.031124298061459454,0.6569545671656639
R_NO3R1,0.013146767276522007,0.008636828805775229,4.985233211777546e-7,0.031124298061459454,0.6569545671656639
R_CDPDGP,0.006895807542968062,0.007148972913772276,2.1110086615762714e-6,0.03080395557334137,1.0367129403230484
R_NUTPTP2,0.005410575052528833,0.005134248866088622,4.992756770598798e-6,0.027594177486339123,0.9489284995111454
R_PPA2,0.005410575052528833,0.005134248866088622,4.992756770598798e-6,0.027594177486339123,0.9489284995111454
R_BTCOAD2,0.0028482168478836216,0.008329072438309052,2.782539507540333e-7,0.025927891913088336,2.9243112035159826
R_CAT,0.003452618180992958,0.005350306243506046,5.825176573788233e-5,0.025873199599703925,1.5496373948790714
R_PRAIZC2,-0.031025539851717878,0.002302297840267737,-0.043146595023490664,-0.024968356837369567,0.07420653601101672
R_DCTPDA2,0.008668725016726383,0.006680490473413205,4.855078286626521e-7,0.023946883661457724,0.7706427947043122
R_NTD11,0.019535287653774998,0.00771429389334917,9.127392421333105e-5,0.02354468668508418,0.39489021252566303
R_GUAD,0.005292893280486931,0.006150911737158329,5.312364384787163e-7,0.023014312330471756,1.162107643438536
R_AGPAT,0.019106108210355088,4.424047464501589e-4,0.016461714351091193,0.021901746041822382,0.023155147117317452
R_G3POAT,0.019106108210355088,4.424047464501589e-4,0.016461714351091193,0.021901746041822382,0.023155147117317452
R_FABC140,0.01800732219519035,1.050377473213821e-5,0.016196046833912646,0.01989441202158465,5.833057585288115e-4
R_ANPRT,0.008087435720482511,0.00316022675517051,0.0015795490406464304,0.01974223027904922,0.39075757315347975
R_IG3PS,0.008087435720482511,0.00316022675517051,0.0015795490406464304,0.01974223027904922,0.39075757315347975
R_PRAI,0.008087435720482511,0.00316022675517051,0.0015795490406464304,0.01974223027904922,0.39075757315347975
R_TRPS2_1,0.008022618547822324,0.0031612051246894843,0.0015795472447757124,0.019737991346195766,0.394036573700437
R_ATPADT,0.003814437533480042,0.004851295358837208,4.869444138047605e-7,0.019470031930279765,1.271824565550351
R_DXPS,0.01732679573180306,8.51803752126204e-6,0.015590403356426443,0.01913555822826042,4.916106620699241e-4
R_ALAALAL,0.017247457427630924,8.479033965206925e-6,0.015519015883357634,0.019047937714767958,4.916106620807347e-4
R_DALAT,0.017247457427630924,8.479033965206925e-6,0.015519015883357634,0.019047937714767958,4.916106620807347e-4
R_GLNST2,0.017247457427630924,8.479033965206925e-6,0.015519015883357634,0.019047937714767958,4.916106620807347e-4
R_PAPPT3,0.017247457427630924,8.479033965206925e-6,0.015519015883357634,0.019047937714767958,4.916106620807347e-4
R_PGPS,0.017247457427630924,8.479033965206925e-6,0.015519015883357634,0.019047937714767958,4.916106620807347e-4
R_RNA,0.017247457427630924,8.479033965206925e-6,0.015519015883357634,0.019047937714767958,4.916106620807347e-4
R_UAAGDS,0.017247457427630924,8.479033965206925e-6,0.015519015883357634,0.019047937714767958,4.916106620807347e-4
R_UAGCVT,0.017247457427630924,8.479033965206925e-6,0.015519015883357634,0.019047937714767958,4.916106620807347e-4
R_UAGPT2,0.017247457427630924,8.479033965206925e-6,0.015519015883357634,0.019047937714767958,4.916106620807347e-4
R_UAMAGS,0.017247457427630924,8.479033965206925e-6,0.015519015883357634,0.019047937714767958,4.916106620807347e-4
R_UAMAS,0.017247457427630924,8.479033965206925e-6,0.015519015883357634,0.019047937714767958,4.916106620807347e-4
R_UAPGR,0.017247457427630924,8.479033965206925e-6,0.015519015883357634,0.019047937714767958,4.916106620807347e-4
R_UDCPDP,0.017247457427630924,8.479033965206925e-6,0.015519015883357634,0.019047937714767958,4.916106620807347e-4
R_UGMDDS,0.017247457427630924,8.479033965206925e-6,0.015519015883357634,0.019047937714767958,4.916106620807347e-4
R_UNAMPLA,0.017247457427630924,8.479033965206925e-6,0.015519015883357634,0.019047937714767958,4.916106620807347e-4
R_DALAt2r,0.01701896238783581,2.0791952143542363e-4,0.014787109751495164,0.018971509535554393,0.012216932895041398
R_BTCOADm,0.006148705712925076,0.004884277176611246,1.0962848418756637e-5,0.018146627265068913,0.7943585861239222
R_TRPD,0.006338062776259834,0.003096279446216701,1.7237733473599563e-4,0.01794846936799009,0.48852142295186485
R_UAG4Ei,0.015557206599723178,7.648088636615167e-6,0.013998152326788634,0.017181239818720773,4.91610662080637e-4
R_3OXAPLC,0.004268027616795343,0.0037696135763044857,4.7301256877509113e-4,0.01710833206089825,0.8832214584250764
R_3OXAPT,0.004268027616795343,0.0037696135763044857,4.7301256877509113e-4,0.01710833206089825,0.8832214584250764
R_3OXCOAT,0.004268027616795343,0.0037696135763044857,4.7301256877509113e-4,0.01710833206089825,0.8832214584250764
R_APATr,-0.1918780910668962,0.04645875513310572,-0.3033194447313962,-0.016229809130520932,0.24212641930499704
R_3CMUCC,0.004185323499289584,0.0032125185867756868,0.0020247910098582993,0.015003336508256039,0.7675675697042246
R_4CBMCLC,0.004185323499289584,0.0032125185867756868,0.0020247910098582993,0.015003336508256039,0.7675675697042246
R_PHBZMN,0.004185323499289584,0.0032125185867756868,0.0020247910098582993,0.015003336508256039,0.7675675697042246
R_PROTCC1,0.004185323499289584,0.0032125185867756868,0.0020247910098582993,0.015003336508256039,0.7675675697042246
R_ETOHt2r,7.448189794736876e-4,0.00260343993887556,2.745553043913823e-7,0.014681850946961842,3.495399567711382
R_ACFM3,0.0033417642040483343,0.00295601954761102,1.7144940558328666e-4,0.014368971119385643,0.8845685593346146
R_KYNRN1,0.0033417642040483343,0.00295601954761102,1.7144940558328666e-4,0.014368971119385643,0.8845685593346146
R_FUMAC,0.0027680723296862487,0.0029256338108529035,1.2255309463733406e-6,0.0140346440576378,1.0569210130374425
R_HOMOGD,0.0027680723296862487,0.0029256338108529035,1.2255309463733406e-6,0.0140346440576378,1.0569210130374425
R_MACACI,0.0027680723296862487,0.0029256338108529035,1.2255309463733406e-6,0.0140346440576378,1.0569210130374425
R_NODOX2,0.004300175700256461,0.003931554505033178,1.385834187312668e-7,0.014010568133523065,0.9142776433062261
R_NDPK7,0.010023953810007456,7.38020807544054e-4,0.00845173563681861,0.013965706363794479,0.07362571910569339
R_RNDR3,0.010023953810007456,7.38020807544054e-4,0.00845173563681861,0.013965706363794479,0.07362571910569339
R_4HPHED1,0.002517986166068743,0.0027987901345019285,1.2071725815510746e-6,0.013039656334600651,1.1115192657597466
R_CHRPL,0.001869865884148057,0.0032245573416116165,2.155024978453529e-5,0.01251507419426521,1.724485894388506
R_HISAL,0.0026238239982343823,0.0023189571200886083,9.061858788770623e-6,0.0113255418635896,0.8838081828846278
R_DHFR,0.007801706271736158,8.183267654459914e-4,0.006348457846708186,0.011271994380522551,0.10489074273542016
R_FABC160,0.010092733436098938,4.8978181318102045e-6,0.009079615039931205,0.011144326539625484,4.852816298795778e-4
R_UROCH,0.002350977836852772,0.0022948177634498743,7.133102170050145e-6,0.011133225450029286,0.9761120362248592
R_FGDM,0.0022433357703018114,0.0022898154990479112,7.116455403662344e-6,0.010976368454441159,1.0207190244819422
R_FORGD,0.0022433357703018114,0.0022898154990479112,7.116455403662344e-6,0.010976368454441159,1.0207190244819422
R_IZPN,0.0022433357703018114,0.0022898154990479112,7.116455403662344e-6,0.010976368454441159,1.0207190244819422
R_CMK,0.00985002293691779,4.842376297659406e-6,0.008862909970984585,0.010878277228903985,4.916106620940167e-4
R_DXPRIi,0.00985002293691779,4.842376297659406e-6,0.008862909970984585,0.010878277228903985,4.916106620940167e-4
R_ME4PCT,0.00985002293691779,4.842376297659406e-6,0.008862909970984585,0.010878277228903985,4.916106620940167e-4
R_MECDPDHT,0.00985002293691779,4.842376297659406e-6,0.008862909970984585,0.010878277228903985,4.916106620940167e-4
R_MECDPS,0.00985002293691779,4.842376297659406e-6,0.008862909970984585,0.010878277228903985,4.916106620940167e-4
R_LPS,0.009773559208991027,4.804785913617096e-6,0.00879410900056947,0.010793831371702003,4.916106620807097e-4
R_NDPK5,0.009392390399840423,4.6173992629880615e-6,0.008451138749547279,0.010372871948205712,4.916106620809236e-4
R_RNDR2,0.009392390399840423,4.6173992629880615e-6,0.008451138749547279,0.010372871948205712,4.916106620809236e-4
R_DHFR2,-463.2163779984759,262.24945913395516,-0.01,0.01,0.5661489351199452
R_DHFR2p,463.21649318921413,262.24945617622734,-0.01,0.01,0.5661487879472029
R_ALRTg,235.97189999720734,209.14799781930915,-0.01,0.01,0.8863258626208644
R_ALRTgp,-235.97189999721655,209.1479978193075,-0.01,0.01,0.8863258626208228
R_ALRTa,8.610510679436516,206.91488554785494,-0.01,0.01,24.03050100640439
R_ALRTap,-8.610510679432537,206.91488554785354,-0.01,0.01,24.03050100641533
R_GL3PD,-124.11133378019434,179.94145375325402,-0.01,0.01,1.4498390136708774
R_G3PD2,124.10940060694986,179.92817635094715,-0.01,0.01,1.449754615452325
R_NDPK1,63.117293693205625,175.81691625826116,-0.01,0.01,2.7855585366643703
R_HACD1,745.2101470175128,138.84781477980343,-0.01,0.01,0.18632034914648102
R_HPYRI,-571.7096475577712,123.72031186248847,-0.01,0.01,0.21640410021240117
R_NUDPK10,-23.44832331231376,122.8675311409433,-0.01,0.01,5.23992822448077
R_URAtr,-555.3128840689778,109.5767709123675,-0.01,0.01,0.19732438064368138
R_HPYRRy,236.06586886378565,106.43146818193685,-0.01,0.01,0.4508549613470373
R_ASPO1,-746.6474516938724,103.64706987754103,-0.01,0.01,0.13881661236826484
R_PTAr,147.7665229236819,101.45217268209333,-0.01,0.01,0.6865707514447715
R_ACKr,-147.71120699898174,101.44792877052627,-0.01,0.01,0.6867991321147733
R_ASPt,501.32404368423425,96.16226317719659,-0.01,0.01,0.1918165792937027
R_INSt2,260.6256243882168,93.56172127117809,-0.01,0.01,0.3589889577849511
R_NA1t,-512.0397804520119,93.48874650419147,-0.01,0.01,0.18258102216523622
R_GLUtr,-427.5639105647578,88.96243041944679,-0.01,0.01,0.20806814658874898
R_CYTDtr,-393.8969268850587,82.4595341190217,-0.01,0.01,0.20934292321372652
R_CYTDt2,393.8968018463878,82.45950697336619,-0.01,0.01,0.20934292075192784
R_3HBCD,859.1011359416061,81.87294302307859,-0.01,0.01,0.09530070395418913
R_ENCOAH1,-859.101135941601,81.8729430230783,-0.01,0.01,0.09530070395418937
R_GLUABUTt7,396.07483003135735,77.33562734737548,-0.01,0.01,0.19525509192607063
R_ABUTt,396.0744774970151,77.33511683828678,-0.01,0.01,0.19525397679498194
R_ALCDgl,32.33823439360134,76.0452557744353,-0.01,0.01,2.35155867969966
R_ALCD19,-32.265719866380174,76.02707676552662,-0.01,0.01,2.3562801970751734
R_ACOADH3,-249.38855357068735,68.43270663758433,-0.01,0.01,0.27440195493249686
R_ISOVC,249.38855357068735,68.43270663758433,-0.01,0.01,0.27440195493249686
R_GLUDy,53.45600808409432,57.46772135308071,-0.01,0.01,1.0750470043082037
R_GCLDH,40.97920811309033,24.212571911718307,-0.01,0.01,0.5908501658914166
R_GLYCTO1p,40.94813208062787,24.20003388707026,-0.01,0.01,0.5909923763902051
R_DNA,0.008911186337609395,4.380834215360133e-6,0.008018158206401513,0.009841434485963575,4.916106620810916e-4
R_Cofactors_and_vitamins,0.008623728713815462,4.239516982603428e-6,0.007759507941678815,0.009523968857383979,4.916106620807307e-4
R_HMB4DPR,0.008578885324501816,4.217471494414886e-6,0.00771915850038143,0.009474444219325796,4.916106620949382e-4
R_ANS,0.004418280272133388,0.0016554286080143908,0.0014077231616150972,0.009409933055879652,0.3746771381741836
R_TMDS,0.005768002913825378,8.161165846916662e-4,0.004526576007573585,0.009037057969024612,0.14149032115353288
R_ACFM1,0.0015191810410032926,0.002025394339139198,4.365696970339263e-7,0.008615706065357517,1.3332145968604199
R_KYN,0.0015191810410032926,0.002025394339139198,4.365696970339263e-7,0.008615706065357517,1.3332145968604199
R_FABC120,0.00711268241346585,6.050300120805227e-6,0.0063931824107839475,0.00786244946007389,8.506354943320255e-4
R_FABC161,0.006778019113523159,1.0197203915555019e-4,0.005931649285534687,0.007669902773550699,0.015044519268483731
R_A5PISO,0.0068414914462936755,3.363350139530461e-6,0.006155876300398571,0.007555681960191343,4.916106620804926e-4
R_KDO8PS,0.0068414914462936755,3.363350139530461e-6,0.006155876300398571,0.007555681960191343,4.916106620804926e-4
R_KDOCT2,0.0068414914462936755,3.363350139530461e-6,0.006155876300398571,0.007555681960191343,4.916106620804926e-4
R_KDOPP,0.0068414914462936755,3.363350139530461e-6,0.006155876300398571,0.007555681960191343,4.916106620804926e-4
R_DB4PS,0.006623023652204964,3.2559490423729535e-6,0.005959302099203424,0.0073144080824550615,4.916106620408897e-4
R_RBFSa,0.006623023652204964,3.2559490423729535e-6,0.005959302099203424,0.0073144080824550615,4.916106620408897e-4
R_ANDO,0.0027542323256721547,0.0016592517319090642,5.514557046637214e-7,0.0069598217338147795,0.6024370988762298
R_RNDR4,0.005006032918834881,5.492099098388101e-4,0.004006581614415515,0.006898821640410372,0.1097096081355044
R_GLUDC,0.0017573174698132265,0.0015333514130760704,7.14614720372769e-8,0.006156070080054459,0.8725523073750812
R_KAS16,0.005473193157035037,2.6906801116246655e-6,0.004924701040318939,0.006044545568153164,4.916106620805381e-4
R_ALHD2,-0.06257730525713276,0.04568593140772748,-0.30696775718177394,-0.005602131483117259,0.7300718882029529
R_NODOx,0.001304834546411198,0.0014989026738030512,1.1067824185760839e-7,0.005582289888549875,1.148730065375427
R_DTMPK,0.005025909094411767,2.4707904974621707e-6,0.004522241228410512,0.005550569050083497,4.916106620808971e-4
R_NDPK4,0.005025909094411767,2.4707904974621707e-6,0.004522241228410512,0.005550569050083497,4.916106620808971e-4
R_NDPK8,0.005025909094411767,2.4707904974621707e-6,0.004522241228410512,0.005550569050083497,4.916106620808971e-4
R_RNDR1,0.005025909094411767,2.4707904974621707e-6,0.004522241228410512,0.005550569050083497,4.916106620808971e-4
R_TKT1,-0.013622804419259997,0.015885168306885272,-0.07038794127494621,0.005479280194583947,1.1660718173731344
R_FABC181,0.004439475054195861,6.86819249993007e-6,0.0039849272415798795,0.004913501516465883,0.0015470731147455745
R_CATCHDG5,0.0011656003130524743,0.001044711566542613,4.380125027150493e-7,0.004717432949648458,0.8962862782755455
R_AGMHE,0.004104894867776211,2.0180100837170018e-6,0.003693525780239144,0.004533409176114791,4.916106620801814e-4
R_GMHEPAT,0.004104894867776211,2.0180100837170018e-6,0.003693525780239144,0.004533409176114791,4.916106620801814e-4
R_GMHEPK,0.004104894867776211,2.0180100837170018e-6,0.003693525780239144,0.004533409176114791,4.916106620801814e-4
R_GMHEPPA,0.004104894867776211,2.0180100837170018e-6,0.003693525780239144,0.004533409176114791,4.916106620801814e-4
R_S7PI,0.004104894867776211,2.0180100837170018e-6,0.003693525780239144,0.004533409176114791,4.916106620801814e-4
R_E4PD,0.003872054192509964,1.9035431248727218e-6,0.003484019065819713,0.004276262016969524,4.916106619981981e-4
R_OHPBAKGT,0.003872054192509964,1.9035431248727218e-6,0.003484019065819713,0.004276262016969524,4.916106619981981e-4
R_PDX5POi,0.003872054192509964,1.9035431248727218e-6,0.003484019065819713,0.004276262016969524,4.916106619981981e-4
R_PDX5PS,0.003872054192509964,1.9035431248727218e-6,0.003484019065819713,0.004276262016969524,4.916106619981981e-4
R_PERD,0.003872054192509964,1.9035431248727218e-6,0.003484019065819713,0.004276262016969524,4.916106619981981e-4
R_4OXCTT,0.0017626554179923629,0.0010855666528712276,1.1344320194865023e-7,0.004156437195345447,0.6158700343755623
R_CATCHD5,0.0017626554179923629,0.0010855666528712276,1.1344320194865023e-7,0.004156437195345447,0.6158700343755623
R_HMSALD3,0.0017626554179923629,0.0010855666528712276,1.1344320194865023e-7,0.004156437195345447,0.6158700343755623
R_HOPNTAL,0.0017626554179923629,0.0010855666528712276,1.1344320194865023e-7,0.004156437195345447,0.6158700343755623
R_AHCi,0.0036219660598017494,1.780597132741983e-6,0.003258993335504829,0.004000066920101356,4.916106620942343e-4
R_METAT,0.00362196605980175,1.7805971327419557e-6,0.0032589933355048296,0.004000066920101356,4.916106620942266e-4
R_4HBADH,0.0036047186023749444,1.7721180987274098e-6,0.0032434743196218044,0.003981018982386567,4.916106620804913e-4
R_BZALDD6,0.0036047186023749444,1.7721180987274098e-6,0.0032434743196218044,0.003981018982386567,4.916106620804913e-4
R_HMPK1,0.0036047186023749444,1.7721180987274098e-6,0.0032434743196218044,0.003981018982386567,4.916106620804913e-4
R_PMPK,0.0036047186023749444,1.7721180987274098e-6,0.0032434743196218044,0.003981018982386567,4.916106620804913e-4
R_THMB,0.0036047186023749444,1.7721180987274098e-6,0.0032434743196218044,0.003981018982386567,4.916106620804913e-4
R_THZPSN,0.0036047186023749444,1.7721180987274098e-6,0.0032434743196218044,0.003981018982386567,4.916106620804913e-4
R_TMPPP,0.0036047186023749444,1.7721180987274098e-6,0.0032434743196218044,0.003981018982386567,4.916106620804913e-4
R_APRAUR,0.003311511826102482,1.6279745211864768e-6,0.002979651049601712,0.0036572040412275308,4.916106620408897e-4
R_DHPPRAP,0.003311511826102482,1.6279745211864768e-6,0.002979651049601712,0.0036572040412275308,4.916106620408897e-4
R_GTPCII,0.003311511826102482,1.6279745211864768e-6,0.002979651049601712,0.0036572040412275308,4.916106620408897e-4
R_PMDPHT,0.003311511826102482,1.6279745211864768e-6,0.002979651049601712,0.0036572040412275308,4.916106620408897e-4
R_RBFS2,0.003311511826102482,1.6279745211864768e-6,0.002979651049601712,0.0036572040412275308,4.916106620408897e-4
R_DCTPD,6.29922598240389e-4,7.382426064934794e-4,2.415916048566392e-8,0.0036275053574120293,1.171957647742229
R_NTD5,7.389577437235492e-4,8.163169706225893e-4,2.5223645177982203e-6,0.003504241092030455,1.1046869425973307
R_THMPT,-0.0036047186023749444,1.7721180987274098e-6,-0.003981018982386567,-0.0032434743196218044,4.916106620804913e-4
R_MUCCYCI,-8.411196115798848e-5,0.001373961806164268,-0.004079093635257664,0.0031842207460320337,16.33491583418843
R_HMR_0614,0.0027365965785175186,1.3453400558123327e-6,0.0024623505201594696,0.003022272784076582,4.916106620805381e-4
R_U23GAAT,0.0027365965785175186,1.3453400558123327e-6,0.0024623505201594696,0.003022272784076582,4.916106620805381e-4
R_U3AGDA,0.0027365965785175186,1.3453400558123327e-6,0.0024623505201594696,0.003022272784076582,4.916106620805381e-4
R_UAGAAT,0.0027365965785175186,1.3453400558123327e-6,0.0024623505201594696,0.003022272784076582,4.916106620805381e-4
R_ASPOX2,0.0027250982735605718,1.3396873773833204e-6,0.0024520045096102024,0.0030095741590784146,4.916106660744037e-4
R_NADSG,0.0027250982735605718,1.3396873773833204e-6,0.0024520045096102024,0.0030095741590784146,4.916106660744037e-4
R_NNDPR,0.0027250982735605718,1.3396873773833204e-6,0.0024520045096102024,0.0030095741590784146,4.916106660744037e-4
R_QULNS,0.0027250982735605718,1.3396873773833204e-6,0.0024520045096102024,0.0030095741590784146,4.916106660744037e-4
R_OP4ENH,7.007806891683529e-4,8.907602720606767e-4,3.279376707153366e-8,0.0029741122162345386,1.2710970576512044
R_OXCTD2,7.007806891683529e-4,8.907602720606767e-4,3.279376707153366e-8,0.0029741122162345386,1.2710970576512044
R_PAAD9,1.9158711699608492e-4,6.776905615785069e-4,7.336376831854712e-8,0.0028794909012351644,3.5372449473852434
R_OCOAT1m,-0.014803491509448458,0.02640402115770548,-0.10969303694512166,0.0028760377268615073,1.7836347013711518
R_PUNP1,-0.06616852088403141,0.0344177853088273,-0.20322575991770545,-0.0026890569207112377,0.5201534634444793
R_HXAND,8.954301924126416e-4,6.08615030484718e-4,1.7071361804775494e-7,0.0026169000110776506,0.6796900926970861
R_MCLACi,-2.1155862549350902e-4,0.001312852200114042,-0.004204252876815842,0.002470680958125861,6.205618877753214
R_PGCM,-0.010586102571890941,0.011814403914999742,-0.06645511847971577,-0.0024668267235902755,1.1160296090810875
R_PHAS,9.6603182074953e-4,3.847675338548418e-4,3.61192491232588e-8,0.0023818904369479945,0.398296956259998
R_PHBt,9.6603182074953e-4,3.847675338548418e-4,3.61192491232588e-8,0.0023818904369479945,0.398296956259998
R_ADCS,0.0021473084497007685,1.0556397296337466e-6,0.0019321174774433343,0.0023714682454749436,4.916106625393534e-4
R_ADCL,0.0021473084497007694,1.0556397296335878e-6,0.0019321174774433343,0.0023714682454749436,4.916106625392793e-4
R_DHNPA,0.0021473084497007694,1.0556397296335878e-6,0.0019321174774433343,0.0023714682454749436,4.916106625392793e-4
R_DHPS,0.0021473084497007694,1.0556397296335878e-6,0.0019321174774433343,0.0023714682454749436,4.916106625392793e-4
R_FPGLUS1,0.0021473084497007694,1.0556397296335878e-6,0.0019321174774433343,0.0023714682454749436,4.916106625392793e-4
R_GCALDD,0.0021473084497007694,1.0556397296335878e-6,0.0019321174774433343,0.0023714682454749436,4.916106625392793e-4
R_GTPCI,0.0021473084497007694,1.0556397296335878e-6,0.0019321174774433343,0.0023714682454749436,4.916106625392793e-4
R_ALKP,0.0010367481979193494,3.071869289183458e-4,4.927139771149721e-4,0.0023116826497307174,0.2962984932453603
R_SULabc,5.477100046298604e-4,4.774091302134365e-4,2.7323440048839172e-8,0.001957282119565608,0.87164580923817
R_AGMT,2.7527527533220794e-4,2.694141215327899e-4,2.9242372759932292e-8,0.0018204102366571229,0.9787080267476086
R_ARGDC,2.7527527533220794e-4,2.694141215327899e-4,2.9242372759932292e-8,0.0018204102366571229,0.9787080267476086
R_UREA,2.7527527533220794e-4,2.694141215327899e-4,2.9242372759932292e-8,0.0018204102366571229,0.9787080267476086
R_DNMPPA,0.0011110571584596076,3.0703349362675136e-4,4.074124921854466e-5,0.0017601615804761555,0.2763435627852206
R_DNTPPA,0.0011110571584596076,3.0703349362675136e-4,4.074124921854466e-5,0.0017601615804761555,0.2763435627852206
R_AG3POAT_Nlimit,7.628778759537504e-4,4.407390924101544e-4,4.391753041611326e-8,0.0017319832307232212,0.5777321722158243
R_G3POAT_Nlimit,7.628778759537504e-4,4.407390924101544e-4,4.391753041611326e-8,0.0017319832307232212,0.5777321722158243
R_NTD2,3.107249458510147e-4,4.0171527456958736e-4,1.0958005720717575e-7,0.0016453956873374374,1.2928323906191952
R_DMOAT2,0.0013682982892587593,6.726700279061664e-7,0.0012311752600797348,0.001511136392038291,4.916106620805381e-4
R_EDTXS1,0.0013682982892587593,6.726700279061664e-7,0.0012311752600797348,0.001511136392038291,4.916106620805381e-4
R_EDTXS2,0.0013682982892587593,6.726700279061664e-7,0.0012311752600797348,0.001511136392038291,4.916106620805381e-4
R_LPADSS,0.0013682982892587593,6.726700279061664e-7,0.0012311752600797348,0.001511136392038291,4.916106620805381e-4
R_MOAT,0.0013682982892587593,6.726700279061664e-7,0.0012311752600797348,0.001511136392038291,4.916106620805381e-4
R_TDSK,0.0013682982892587593,6.726700279061664e-7,0.0012311752600797348,0.001511136392038291,4.916106620805381e-4
R_USHD,0.0013682982892587593,6.726700279061664e-7,0.0012311752600797348,0.001511136392038291,4.916106620805381e-4
R_ACACT1r,-0.0019664309950509777,0.002916717637847398,-0.012901814615499248,0.0015000374680544312,1.4832545078815669
R_NADK,0.0012849355783674686,6.316880377946108e-7,0.0011561666833170157,0.0014190713599180975,4.916106678259938e-4
R_DMPPS,0.0012711376124161272,6.24904803252279e-7,0.0011437514706033494,0.0014038330095784053,4.916106620938429e-4
R_GRATT,0.0012711376124161272,6.24904803252279e-7,0.0011437514706033494,0.0014038330095784053,4.916106620938429e-4
R_GRTT,0.0012711376124161272,6.24904803252279e-7,0.0011437514706033494,0.0014038330095784053,4.916106620938429e-4
R_DPCOAK,0.0012504406634677814,6.14729961964132e-7,0.0011251286515164699,0.0013809754842885632,4.916106616841248e-4
R_PANTS,0.0012504406634677814,6.14729961964132e-7,0.0011251286515164699,0.0013809754842885632,4.916106616841248e-4
R_PNTK,0.0012504406634677814,6.14729961964132e-7,0.0011251286515164699,0.0013809754842885632,4.916106616841248e-4
R_PPCDC,0.0012504406634677814,6.14729961964132e-7,0.0011251286515164699,0.0013809754842885632,4.916106616841248e-4
R_PPNCL,0.0012504406634677814,6.14729961964132e-7,0.0011251286515164699,0.0013809754842885632,4.916106616841248e-4
R_PTPATi,0.0012504406634677814,6.14729961964132e-7,0.0011251286515164699,0.0013809754842885632,4.916106616841248e-4
R_DPR,0.0012504406634677818,6.147299619641198e-7,0.0011251286515164681,0.0013809754842885632,4.916106616841148e-4
R_MOHMT,0.0012504406634677818,6.147299619641198e-7,0.0011251286515164681,0.0013809754842885632,4.916106616841148e-4
R_FMNAT,0.0012159457486453091,5.977718944147734e-7,0.0010940906197737558,0.0013428796088832157,4.916106619729983e-4
R_PPCOAT,0.001000622680548398,1.1893775525901156e-4,7.149903317849049e-4,0.0013417097253549527,0.11886374111950662
R_DMQMT,0.0012073220199339155,5.935323775814139e-7,0.0010863311118349463,0.0013333556400337903,4.916106620948584e-4
R_HBZOPT,0.0012073220199339155,5.935323775814139e-7,0.0010863311118349463,0.0013333556400337903,4.916106620948584e-4
R_OCTDPS,0.0012073220199339155,5.935323775814139e-7,0.0010863311118349463,0.0013333556400337903,4.916106620948584e-4
R_OCTMBZM,0.0012073220199339155,5.935323775814139e-7,0.0010863311118349463,0.0013333556400337903,4.916106620948584e-4
R_OHPHM,0.0012073220199339155,5.935323775814139e-7,0.0010863311118349463,0.0013333556400337903,4.916106620948584e-4
R_OPHBDC,0.0012073220199339155,5.935323775814139e-7,0.0010863311118349463,0.0013333556400337903,4.916106620948584e-4
R_OMPHHX,0.0011234837131520949,3.908505944126733e-5,9.691714014683522e-4,0.0013330302670758387,0.03478916426087618
R_PTRCt2,-0.08246309678951733,0.05034606342126311,-0.24793199686330056,-0.001284557445072077,0.6105284106631208
R_2HPAC,1.7323466433202686e-4,2.8003081768156977e-4,1.5021168845662153e-8,0.0012060014748442199,1.6164825830981155
R_4HPHED2,1.7323466433202686e-4,2.8003081768156977e-4,1.5021168845662153e-8,0.0012060014748442199,1.6164825830981155
R_OCDOR,8.157056196435533e-4,1.0322527602028546e-4,5.503019432823514e-4,0.0011506464075350458,0.12654721695480387
R_ENCOAH2,8.157056196428573e-4,1.0322527602050637e-4,5.5030194328106e-4,0.001150646407534359,0.12654721695518265
R_HPCOR,8.157056196428573e-4,1.0322527602050637e-4,5.5030194328106e-4,0.001150646407534359,0.12654721695518265
R_TAh,-0.017727309835050616,0.01588479071631016,-0.07490339701043562,9.616240253201733e-4,0.8960632416376337
R_OCMPH2,5.777016440764762e-4,9.926459986931394e-6,4.959889579223509e-4,6.638202549779824e-4,0.017182675674742114
R_OCPPH1,5.679850865393135e-4,1.592145365825485e-5,4.694769811388419e-4,6.638179134843509e-4,0.02803146426830141
R_FABC170,3.8947657396010485e-4,8.724768956374492e-5,2.1450223788653034e-4,6.051549556012146e-4,0.2240126759785094
R_FABC180,5.088763121224213e-4,4.455022799426625e-6,4.506778081487448e-4,5.700176182757667e-4,0.008754627977957188
R_G1SAT,5.105247398578736e-4,2.509794053704244e-7,4.593628701473849e-4,5.638189563571343e-4,4.91610662081323e-4
R_GLUTRR,5.105247398578736e-4,2.509794053704244e-7,4.593628701473849e-4,5.638189563571343e-4,4.91610662081323e-4
R_GLUTRS,5.105247398578736e-4,2.509794053704244e-7,4.593628701473849e-4,5.638189563571343e-4,4.91610662081323e-4
R_CLS_m,-0.009399557789731906,0.012163393400860867,-0.07607996759121616,-5.490739897181265e-4,1.294038897675397
R_LEUtr,-0.021491300285614932,0.023812243507256005,-0.09633310082050506,-5.173459133466008e-4,1.1079945462022407
R_GUAt,-0.077741496465,0.06255358303574231,-0.30118159256500376,-4.4527142298429203e-4,0.8046356949651021
R_OBTFL,1.737584438193638e-4,9.721522628875955e-5,1.0188403115666482e-6,4.45167380993096e-4,0.559484904168587
R_FABC150,3.10152015848591e-4,1.8489685761368025e-5,2.5024431045437016e-4,3.78669284261391e-4,0.05961491403104167
R_FORt,-0.007737552146891615,0.00755662655101223,-0.04525370013295271,-3.207023706128532e-4,0.9766172049706873
R_HTTOG,1.6559542921301213e-4,8.501761894705451e-5,1.6646766388379815e-8,3.180647983703101e-4,0.5134055894604005
R_FABC171,2.67485514944973e-4,6.193666450302363e-6,2.3046400091527875e-4,3.066244445855165e-4,0.02315514711731782
R_PPBNGS,2.552623699289368e-4,1.254897026852122e-7,2.2968143507369246e-4,2.8190947817856716e-4,4.91610662081323e-4
R_NTD4,5.799579402559379e-5,4.855431777694244e-5,5.564994521901035e-9,1.9253966891837128e-4,0.8372041213111973
R_FBMO1,8.279771460650606e-5,4.250880947352726e-5,8.323383194189907e-9,1.5903239918515504e-4,0.5134055894604005
R_GLYAT,-0.012244498091531355,0.010800975433075065,-0.04577130532660857,-1.519991092616188e-4,0.882108466376856
R_OMMBZH,8.407354469260173e-5,3.9009138089975387e-5,4.0285089555316155e-9,1.434602764118131e-4,0.463988264472547
R_ARBt2r,-0.0065360924973554115,0.01805764319734396,-0.09618005103488524,-1.344061187868452e-4,2.762758208310289
R_DHFR3p,4.926986817669292e-5,1.4859845796994164e-5,1.6755585337814535e-5,1.329696231962466e-4,0.3016010869707097
R_OPHHX,3.574728007621808e-5,2.51715181749453e-5,2.55544776546724e-9,1.1658735247258159e-4,0.7041519836271791
R_OMPHHX3,5.192228527306195e-5,1.9844890349811705e-5,1.5340545191451141e-7,1.1547506210182309e-4,0.382203715523044
R_DHFR3,6.688301705704718e-5,1.5194721883315036e-5,5.9890785288467365e-6,1.0232552405141715e-4,0.22718355947302515
R_TRPS1,3.676918946408146e-5,2.050894156845848e-5,1.469416122943784e-9,9.137383910727042e-5,0.5577751880686125
R_Ktr,-0.007827419590063993,0.01168069863023314,-0.05678173507857638,-8.719419262335018e-5,1.4922796070700541
R_HIStr,-0.02585385914830124,0.033622968884751886,-0.1556310200919118,-8.662519792699416e-5,1.3005009693866583
R_OPHHX3,3.600350850578767e-5,1.6364451895158464e-5,1.5092260007792293e-8,8.567773277712049e-5,0.4545238109926934
R_CPPPGO,6.38155924822342e-5,3.137242567130305e-8,5.7420358768423114e-5,7.047736954464179e-5,4.91610662081323e-4
R_FCLT,6.38155924822342e-5,3.137242567130305e-8,5.7420358768423114e-5,7.047736954464179e-5,4.91610662081323e-4
R_FE2abc,6.38155924822342e-5,3.137242567130305e-8,5.7420358768423114e-5,7.047736954464179e-5,4.91610662081323e-4
R_HEMEOS,6.38155924822342e-5,3.137242567130305e-8,5.7420358768423114e-5,7.047736954464179e-5,4.91610662081323e-4
R_HMBS,6.38155924822342e-5,3.137242567130305e-8,5.7420358768423114e-5,7.047736954464179e-5,4.91610662081323e-4
R_PHEMEAS,6.38155924822342e-5,3.137242567130305e-8,5.7420358768423114e-5,7.047736954464179e-5,4.91610662081323e-4
R_UPP3S,6.38155924822342e-5,3.137242567130305e-8,5.7420358768423114e-5,7.047736954464179e-5,4.91610662081323e-4
R_UPPDC1,6.38155924822342e-5,3.137242567130305e-8,5.7420358768423114e-5,7.047736954464179e-5,4.91610662081323e-4
R_PPPGO3,6.338793976975126e-5,9.85585039126286e-7,5.403818189515154e-5,7.02270696412129e-5,0.015548463046855603
R_XANt,-0.10039800292072654,0.09357423160932796,-0.4174801212121535,-6.458730419851655e-5,0.9320327983337818
R_PPCSYN1,-0.013534033468431284,0.01911611982351348,-0.10360157934312908,-6.336184223325386e-5,1.4124480974650058
R_PPCSYN2,-0.013534033468431284,0.01911611982351348,-0.10360157934312908,-6.336184223325386e-5,1.4124480974650058
R_FBA,-0.006966573989272137,0.00795900796059855,-0.03686929013345821,-4.8330778944000494e-5,1.1424565321282265
R_FABC190,1.830906902289014e-5,1.0577738217843695e-5,1.0540207299869216e-9,4.1567597537357326e-5,0.5777321722158196
R_FABC151,1.5257557519075078e-5,8.814781848203078e-6,8.783506083237365e-10,3.463966461446446e-5,0.577732172215821
R_GLYCLTt2r,-0.002743058159676284,0.0018042553089230736,-0.006740462839120829,-3.284954882250649e-5,0.6577532097008103
R_HYD1,1.3501987353555345e-5,3.8910727871006686e-6,6.599731774251196e-8,2.359144242048478e-5,0.288185189721428
R_CCMUCt,-0.0013262634246222166,0.001004767752964421,-0.004740104867175549,-2.3579465278434134e-5,0.7575928992014743
R_ACOADH4,-0.012297411425850151,0.009768554353222492,-0.036293254530137826,-2.1925696837513274e-5,0.7943585861239222
R_SUCFUMt,-0.1375100009317995,0.10398650456985149,-0.5419162004717981,-1.762669640997236e-5,0.7562104855298883
R_ADEtr,-0.0013575930388282182,0.0020076391018098378,-0.009744459448129782,-1.2040305840301459e-5,1.478822478010564
R_LACDH,-0.021101883817761007,0.027379633278222938,-0.1267941868918201,-7.99610039272813e-6,1.2974971104322963
R_PUNP2,-0.013282413528865169,0.021123449661393942,-0.09935598923491303,-3.963830745925309e-6,1.590332179877455
R_FABC141,1.5257557519075013e-6,8.814781848203081e-7,8.783506083224631e-11,3.4639664614464444e-6,0.5777321722158237
R_VALtr,-0.027607256887350384,0.0385762789513716,-0.15452779506267028,-2.7753736005204608e-6,1.3973238670100254
R_ASNtr,-0.009606210652423109,0.009350530837884,-0.048814443334396704,-2.597036873656512e-6,0.9733839050807598
R_ILEtr,-0.0167024092174132,0.01567800913569749,-0.05707772745385449,-2.150724927373894e-6,0.9386675258412592
R_ARGORNt7,-0.025047439671093318,0.02966889654237207,-0.11871742338973194,-2.124945753924561e-6,1.1845081546044114
R_CHLtr,-0.003917205544978991,0.018188048555387606,-0.11823975173831484,-2.1249457539195695e-6,4.643118250126228
R_GLYBt2r,-0.02308570250195735,0.018333456599104427,-0.08752158683759396,-2.1249457538970837e-6,0.7941476590348507
R_PPPGO,2.2098274347685994e-7,4.90368124770427e-7,2.065164767972956e-9,2.0735967556614448e-6,2.219033563685372
R_ICITt,-5.686458078754998e-4,0.0011851578017303644,-0.005530027058818269,-1.1290011752206424e-6,2.0841757475680622
R_ACOADH5,-0.005696433695767243,0.016658144876618104,-0.05185578382617667,-5.565079015080666e-7,2.9243112035159826
R_ALCD2x,-7.448189794736876e-4,0.00260343993887556,-0.014681850946961842,-2.745553043913823e-7,3.495399567711382
R_UROCANt,-3.282142651597419e-4,4.170721353744976e-4,-0.0024087198059336455,-1.5945825545242414e-7,1.2707312863793674
R_GLYt2r,-0.0011443345044403483,0.0034780063834719682,-0.014524008229893054,-1.300987196275567e-7,3.039326674129198
R_ACALDt,-1.5191446580217614e-4,1.6879515759962482e-4,-6.942433707972646e-4,-1.1692178557514026e-7,1.1111197127166996
R_PYRtr,-0.0016067668764391946,0.0029780848048336964,-0.010347430605126443,-8.387943765425564e-8,1.8534641512112333
R_GLYALDt,-0.003220901019309912,0.0016369088939548401,-0.005799527851486055,-6.37483726173435e-8,0.5082145909300724
R_XTSNtr,-2.526091643442094e-4,5.841171600216958e-4,-0.002044799678572791,-2.4733684511168545e-8,2.3123355858371317
R_MCLACTt,-1.5393218777931517e-4,2.242075342804404e-4,-0.001033479908628971,-2.4346752090903715e-8,1.456534448804661
R_TYRtr,-2.2201929750682766e-4,5.626263196474498e-4,-0.0019451539102357572,-1.9554715526747185e-8,2.534132509946112
R_PHEtr,-3.4315023431268933e-4,2.2606515248948877e-4,-0.0017079148132377888,-1.8749521358076983e-8,0.6587935250642757
R_TRPtr,-4.836686946877187e-5,1.7369276976473812e-4,-7.303330867391664e-4,-1.5472905975078192e-8,3.5911517878345025
R_ACt2r,-0.0017527644996399483,0.002027390672355192,-0.00839894101315274,-1.0460701783534556e-8,1.1566817292178482
R_4HBZt,-1.2861121248782472e-4,6.421044476561478e-5,-0.00021304921437065704,-4.292338845232319e-9,0.49926008412130796
R_12DHFD,0,0,0,0,NaN
R_12PPDt,0,0,0,0,NaN
R_14HPED,0,0,0,0,NaN
R_16DCDC1,0,0,0,0,NaN
R_16DCDC2,0,0,0,0,NaN
R_16DCDC3,0,0,0,0,NaN
R_16DCDC4,0,0,0,0,NaN
R_1MNAPTH,0,0,0,0,NaN
R_26DICH,0,0,0,0,NaN
R_2AMBZC,0,0,0,0,NaN
R_2BHPPPH,0,0,0,0,NaN
R_2H3CBZP,0,0,0,0,NaN
R_2H3MBZP,0,0,0,0,NaN
R_2H4HMBZP,0,0,0,0,NaN
R_2HBAt,0,0,0,0,NaN
R_2HCHCCOA,0,0,0,0,NaN
R_2HISOPD,0,0,0,0,NaN
R_2HOHPHDB,0,0,0,0,NaN
R_2HOHPHODB,0,0,0,0,NaN
R_2KCHCCH,0,0,0,0,NaN
R_2MNAPTH,0,0,0,0,NaN
R_2NAPTCT,0,0,0,0,NaN
R_2PGt,0,0,0,0,NaN
R_34DHBt,0,0,0,0,NaN
R_34DHDHF,0,0,0,0,NaN
R_34DHFD,0,0,0,0,NaN
R_3HBD,0,0,0,0,NaN
R_3HBZOR,0,0,0,0,NaN
R_3HBZt,0,0,0,0,NaN
R_3HCINNMH,0,0,0,0,NaN
R_3HPPPNH,0,0,0,0,NaN
R_3IPPMD1,0,0,0,0,NaN
R_3IPPMD2,0,0,0,0,NaN
R_3PGt,0,0,0,0,NaN
R_4CRESOLD,0,0,0,0,NaN
R_4CRESOLt,0,0,0,0,NaN
R_4ETHPMH,0,0,0,0,NaN
R_4FLRBZt,0,0,0,0,NaN
R_4FLTHRt,0,0,0,0,NaN
R_4HBTD,0,0,0,0,NaN
R_4HBTt,0,0,0,0,NaN
R_4HBZCT,0,0,0,0,NaN
R_4HBZDC,0,0,0,0,NaN
R_4HPHEA1,0,0,0,0,NaN
R_4HPHEA2,0,0,0,0,NaN
R_4HPHEACt,0,0,0,0,NaN
R_4HPHEAO,0,0,0,0,NaN
R_4HTHRS,0,0,0,0,NaN
R_4NOXDR,0,0,0,0,NaN
R_4NPHPP,0,0,0,0,NaN
R_6CHQD,0,0,0,0,NaN
R_6CHQt,0,0,0,0,NaN
R_6PYRTP,0,0,0,0,NaN
R_AAATT,0,0,0,0,NaN
R_AACTOOR,0,0,0,0,NaN
R_ABTA,0,0,0,0,NaN
R_AC4HB,0,0,0,0,NaN
R_ACACt2,0,0,0,0,NaN
R_ACBIPGT,0,0,0,0,NaN
R_ACCOAA1,0,0,0,0,NaN
R_ACCOAA2,0,0,0,0,NaN
R_ACCOAA3,0,0,0,0,NaN
R_ACDH1,0,0,0,0,NaN
R_ACDH2,0,0,0,0,NaN
R_ACDH3,0,0,0,0,NaN
R_ACDH4,0,0,0,0,NaN
R_ACDH5,0,0,0,0,NaN
R_ACDH6,0,0,0,0,NaN
R_ACDH7,0,0,0,0,NaN
R_ACDH8,0,0,0,0,NaN
R_ACFM2,0,0,0,0,NaN
R_ACGApts,0,0,0,0,NaN
R_ACLDc,0,0,0,0,NaN
R_ACLDn,0,0,0,0,NaN
R_ACMANAPP,0,0,0,0,NaN
R_ACMANApts,0,0,0,0,NaN
R_ACMSD,0,0,0,0,NaN
R_ACNAMt2,0,0,0,0,NaN
R_ACOADG,0,0,0,0,NaN
R_ACOADH1,0,0,0,0,NaN
R_ACONCt,0,0,0,0,NaN
R_ACPCD,0,0,0,0,NaN
R_ACPS1,0,0,0,0,NaN
R_ACPYRH,0,0,0,0,NaN
R_ACTF2,0,0,0,0,NaN
R_ACTF3,0,0,0,0,NaN
R_ACTF4,0,0,0,0,NaN
R_ACTF5,0,0,0,0,NaN
R_ADCOBNSYN,0,0,0,0,NaN
R_ADHC2,0,0,0,0,NaN
R_ADHEr,0,0,0,0,NaN
R_ADIPL,0,0,0,0,NaN
R_ADIPt,0,0,0,0,NaN
R_ADNCYC,0,0,0,0,NaN
R_ADNCYC1,0,0,0,0,NaN
R_ADOCBIK,0,0,0,0,NaN
R_ADOCBLS,0,0,0,0,NaN
R_ADPRDP,0,0,0,0,NaN
R_ADPRT2,0,0,0,0,NaN
R_ADSLFK2,0,0,0,0,NaN
R_AGDC,0,0,0,0,NaN
R_AHCYSNS,0,0,0,0,NaN
R_AHSERL4,0,0,0,0,NaN
R_ALATRS,0,0,0,0,NaN
R_ALCDd,0,0,0,0,NaN
R_ALCDH_pqq_x,0,0,0,0,NaN
R_ALCDt,0,0,0,0,NaN
R_ALDD19xr,0,0,0,0,NaN
R_ALDD4,0,0,0,0,NaN
R_ALDH,0,0,0,0,NaN
R_ALHD10,0,0,0,0,NaN
R_ALHD11,0,0,0,0,NaN
R_ALHD12,0,0,0,0,NaN
R_ALHD13,0,0,0,0,NaN
R_ALHD14,0,0,0,0,NaN
R_ALHD15,0,0,0,0,NaN
R_ALHD16,0,0,0,0,NaN
R_ALHD5,0,0,0,0,NaN
R_ALHD6,0,0,0,0,NaN
R_ALHD7,0,0,0,0,NaN
R_ALHD8,0,0,0,0,NaN
R_ALHD9,0,0,0,0,NaN
R_ALLTC,0,0,0,0,NaN
R_ALLTNt2r,0,0,0,0,NaN
R_ALPHNH,0,0,0,0,NaN
R_ALPNIT,0,0,0,0,NaN
R_ALR2,0,0,0,0,NaN
R_ALRTs,0,0,0,0,NaN
R_ALRTx,0,0,0,0,NaN
R_ALTRH,0,0,0,0,NaN
R_AMAA,0,0,0,0,NaN
R_AMALT1,0,0,0,0,NaN
R_AMALT2,0,0,0,0,NaN
R_AMALT3,0,0,0,0,NaN
R_AMALT4,0,0,0,0,NaN
R_AMAOTr,0,0,0,0,NaN
R_AMDS2,0,0,0,0,NaN
R_AMDS3,0,0,0,0,NaN
R_AMDS6,0,0,0,0,NaN
R_AMID2,0,0,0,0,NaN
R_ANOXDR,0,0,0,0,NaN
R_ANt,0,0,0,0,NaN
R_ANTHMN1,0,0,0,0,NaN
R_ANTHMN2,0,0,0,0,NaN
R_ANTOXDR,0,0,0,0,NaN
R_AOBUTDs,0,0,0,0,NaN
R_AOBZACt,0,0,0,0,NaN
R_AOXSr,0,0,0,0,NaN
R_APPS3,0,0,0,0,NaN
R_ARGTRS,0,0,0,0,NaN
R_ASCBptspp,0,0,0,0,NaN
R_ASPAM1,0,0,0,0,NaN
R_ASPAM2,0,0,0,0,NaN
R_ASPAM3,0,0,0,0,NaN
R_ASPAM4,0,0,0,0,NaN
R_ASPR,0,0,0,0,NaN
R_ASPTRS,0,0,0,0,NaN
R_BACCL,0,0,0,0,NaN
R_BAPT2,0,0,0,0,NaN
R_BETALDDH1,0,0,0,0,NaN
R_BETALDHx,0,0,0,0,NaN
R_BHMT,0,0,0,0,NaN
R_BIPHED1,0,0,0,0,NaN
R_BIPHED2,0,0,0,0,NaN
R_BKACPS1,0,0,0,0,NaN
R_BKAR2,0,0,0,0,NaN
R_BNTP,0,0,0,0,NaN
R_BP23Dt,0,0,0,0,NaN
R_BPDDO,0,0,0,0,NaN
R_BPHEDO1,0,0,0,0,NaN
R_BPHEDO2,0,0,0,0,NaN
R_BPHEHA,0,0,0,0,NaN
R_BPHEHB,0,0,0,0,NaN
R_BTCAL,0,0,0,0,NaN
R_BTPT1,0,0,0,0,NaN
R_BTPT3,0,0,0,0,NaN
R_BTS4,0,0,0,0,NaN
R_BUDPP1,0,0,0,0,NaN
R_BUPN,0,0,0,0,NaN
R_BUTNt,0,0,0,0,NaN
R_BUTt2r,0,0,0,0,NaN
R_BZ12DOX,0,0,0,0,NaN
R_BZACCOAT,0,0,0,0,NaN
R_BZALDD1,0,0,0,0,NaN
R_BZALDD2,0,0,0,0,NaN
R_BZALDD3,0,0,0,0,NaN
R_BZALDD4,0,0,0,0,NaN
R_BZALDD5,0,0,0,0,NaN
R_BZALt,0,0,0,0,NaN
R_BZFORCL1,0,0,0,0,NaN
R_BZFORCL2,0,0,0,0,NaN
R_BZOTCOA,0,0,0,0,NaN
R_BZOTD1,0,0,0,0,NaN
R_BZOTD1p,0,0,0,0,NaN
R_BZOTD3,0,0,0,0,NaN
R_BZOTD4,0,0,0,0,NaN
R_BZOTD5,0,0,0,0,NaN
R_BZOTD7,0,0,0,0,NaN
R_C181t,0,0,0,0,NaN
R_C23DDT1,0,0,0,0,NaN
R_C23DDTp,0,0,0,0,NaN
R_CADVt,0,0,0,0,NaN
R_CARHM1,0,0,0,0,NaN
R_CARHM2,0,0,0,0,NaN
R_CARSA,0,0,0,0,NaN
R_CATCHD1,0,0,0,0,NaN
R_CATCHD2,0,0,0,0,NaN
R_CATCHD3,0,0,0,0,NaN
R_CATCHD4,0,0,0,0,NaN
R_CATCHD6,0,0,0,0,NaN
R_CATCHDG1,0,0,0,0,NaN
R_CATCHDG2,0,0,0,0,NaN
R_CATCHDG3,0,0,0,0,NaN
R_CATCHDG4,0,0,0,0,NaN
R_CATCHDG6,0,0,0,0,NaN
R_CATCHDG7,0,0,0,0,NaN
R_CATECHt,0,0,0,0,NaN
R_CATL,0,0,0,0,NaN
R_CATOCS,0,0,0,0,NaN
R_CBBCYC,0,0,0,0,NaN
R_CBIAT,0,0,0,0,NaN
R_CBIAT1,0,0,0,0,NaN
R_CBL,0,0,0,0,NaN
R_CBL1abc,0,0,0,0,NaN
R_CCHCCOAL,0,0,0,0,NaN
R_CCHNM1,0,0,0,0,NaN
R_CCHNM2,0,0,0,0,NaN
R_CCPAMAH,0,0,0,0,NaN
R_CCPPAMD,0,0,0,0,NaN
R_CCPPCCOAL,0,0,0,0,NaN
R_CCPPMD,0,0,0,0,NaN
R_CDPGD,0,0,0,0,NaN
R_CGS_m,0,0,0,0,NaN
R_CHCOAL,0,0,0,0,NaN
R_CHOLD,0,0,0,0,NaN
R_CHOLD1,0,0,0,0,NaN
R_CINNDO,0,0,0,0,NaN
R_CITNCL,0,0,0,0,NaN
R_CLt,0,0,0,0,NaN
R_CMBLD1,0,0,0,0,NaN
R_CMBLD2,0,0,0,0,NaN
R_CMBLD3,0,0,0,0,NaN
R_CMBLD4,0,0,0,0,NaN
R_CMBLD5,0,0,0,0,NaN
R_CMBLD6,0,0,0,0,NaN
R_CMBLD7,0,0,0,0,NaN
R_CNTOB,0,0,0,0,NaN
R_COBALTt5,0,0,0,0,NaN
R_COBBP1,0,0,0,0,NaN
R_COBBP2,0,0,0,0,NaN
R_CRNabc,0,0,0,0,NaN
R_CRNBTCT,0,0,0,0,NaN
R_CRNCDH,0,0,0,0,NaN
R_CRNt7,0,0,0,0,NaN
R_CRTNh,0,0,0,0,NaN
R_CSND,0,0,0,0,NaN
R_CSNt2,0,0,0,0,NaN
R_CTBTCRNCT,0,0,0,0,NaN
R_CYNL,0,0,0,0,NaN
R_CYNTt2,0,0,0,0,NaN
R_CYSabc,0,0,0,0,NaN
R_CYSGS2,0,0,0,0,NaN
R_CYSSADS,0,0,0,0,NaN
R_CYSST4,0,0,0,0,NaN
R_CYSTBL2,0,0,0,0,NaN
R_CYSTRS,0,0,0,0,NaN
R_CYTDA,0,0,0,0,NaN
R_CYTK2,0,0,0,0,NaN
R_DABOT,0,0,0,0,NaN
R_DADK,0,0,0,0,NaN
R_DADNt2,0,0,0,0,NaN
R_DAPabc,0,0,0,0,NaN
R_DATA2,0,0,0,0,NaN
R_DBTS,0,0,0,0,NaN
R_DCMPDA,0,0,0,0,NaN
R_DCYTt2,0,0,0,0,NaN
R_DDGD,0,0,0,0,NaN
R_DDGLK,0,0,0,0,NaN
R_DGK1,0,0,0,0,NaN
R_DGSNt2,0,0,0,0,NaN
R_DHAt,0,0,0,0,NaN
R_DHEDAA,0,0,0,0,NaN
R_DHHED1,0,0,0,0,NaN
R_DHPD,0,0,0,0,NaN
R_DHPMD,0,0,0,0,NaN
R_DHPS2,0,0,0,0,NaN
R_DHRT_2mbcoa,0,0,0,0,NaN
R_DHRT_ibcoa,0,0,0,0,NaN
R_DHRT_ivcoa,0,0,0,0,NaN
R_DINSt2,0,0,0,0,NaN
R_DLACt,0,0,0,0,NaN
R_DSERt2,0,0,0,0,NaN
R_DTO4CH,0,0,0,0,NaN
R_DURIPP,0,0,0,0,NaN
R_DURIt2,0,0,0,0,NaN
R_ENCOAH3,0,0,0,0,NaN
R_ENCOAH4,0,0,0,0,NaN
R_ENCOAH5,0,0,0,0,NaN
R_ENCOAH6,0,0,0,0,NaN
R_ENCOAH7,0,0,0,0,NaN
R_ENCOAR,0,0,0,0,NaN
R_ESTLP,0,0,0,0,NaN
R_F26BP,0,0,0,0,NaN
R_FALDH,0,0,0,0,NaN
R_FAMC120,0,0,0,0,NaN
R_FAMC140,0,0,0,0,NaN
R_FAMC141,0,0,0,0,NaN
R_FAMC150,0,0,0,0,NaN
R_FAMC151,0,0,0,0,NaN
R_FAMC160,0,0,0,0,NaN
R_FAMC161,0,0,0,0,NaN
R_FAMC170,0,0,0,0,NaN
R_FAMC171,0,0,0,0,NaN
R_FAMC180,0,0,0,0,NaN
R_FAMC181,0,0,0,0,NaN
R_FAMC190,0,0,0,0,NaN
R_FBMO10,0,0,0,0,NaN
R_FBMO11,0,0,0,0,NaN
R_FBMO12,0,0,0,0,NaN
R_FBMO13,0,0,0,0,NaN
R_FBMO14,0,0,0,0,NaN
R_FBMO15,0,0,0,0,NaN
R_FBMO15p,0,0,0,0,NaN
R_FBMO2,0,0,0,0,NaN
R_FBMO3,0,0,0,0,NaN
R_FBMO5,0,0,0,0,NaN
R_FBMO6,0,0,0,0,NaN
R_FBMO7,0,0,0,0,NaN
R_FBMO8,0,0,0,0,NaN
R_FBMO9,0,0,0,0,NaN
R_FDFT1,0,0,0,0,NaN
R_FDFT2,0,0,0,0,NaN
R_FEabc,0,0,0,0,NaN
R_FLALDO,0,0,0,0,NaN
R_FLALDTHR,0,0,0,0,NaN
R_FLBZDD,0,0,0,0,NaN
R_FLVR,0,0,0,0,NaN
R_FLVRx,0,0,0,0,NaN
R_FMETDF,0,0,0,0,NaN
R_FMETTRS,0,0,0,0,NaN
R_FORA,0,0,0,0,NaN
R_FPGLUS2,0,0,0,0,NaN
R_FRUP,0,0,0,0,NaN
R_FRUpts,0,0,0,0,NaN
R_FRUpts2,0,0,0,0,NaN
R_FTOLAM,0,0,0,0,NaN
R_FUCPt6_2,0,0,0,0,NaN
R_FUCt,0,0,0,0,NaN
R_G1PCYTF,0,0,0,0,NaN
R_G1PTT,0,0,0,0,NaN
R_G5TDPDP,0,0,0,0,NaN
R_G6Pt6_2,0,0,0,0,NaN
R_GALCTD,0,0,0,0,NaN
R_GALCTNt2r,0,0,0,0,NaN
R_GALCTtr,0,0,0,0,NaN
R_GALTpts,0,0,0,0,NaN
R_GAMpts,0,0,0,0,NaN
R_GENDO,0,0,0,0,NaN
R_GENt,0,0,0,0,NaN
R_GERCT,0,0,0,0,NaN
R_GGMT1,0,0,0,0,NaN
R_GGMT2,0,0,0,0,NaN
R_GLBRAN2,0,0,0,0,NaN
R_GLCNt2r,0,0,0,0,NaN
R_GLCNtr,0,0,0,0,NaN
R_GLCP,0,0,0,0,NaN
R_GLCRD,0,0,0,0,NaN
R_GLCRDH,0,0,0,0,NaN
R_GLCURt2r,0,0,0,0,NaN
R_GLNabc,0,0,0,0,NaN
R_GLNTRS,0,0,0,0,NaN
R_GLTN1,0,0,0,0,NaN
R_GLTN2,0,0,0,0,NaN
R_GLTN3,0,0,0,0,NaN
R_GLTPD,0,0,0,0,NaN
R_GLUCD1,0,0,0,0,NaN
R_GLUCD2,0,0,0,0,NaN
R_GLUN2,0,0,0,0,NaN
R_GLXt,0,0,0,0,NaN
R_GLYC3Pabc,0,0,0,0,NaN
R_GLYC3Pt6,0,0,0,0,NaN
R_GLYCt,0,0,0,0,NaN
R_GLYTRS,0,0,0,0,NaN
R_GMAND,0,0,0,0,NaN
R_GNK,0,0,0,0,NaN
R_GOX,0,0,0,0,NaN
R_GPDDA1,0,0,0,0,NaN
R_GPDDA2,0,0,0,0,NaN
R_GPDDA3,0,0,0,0,NaN
R_GPDDA4,0,0,0,0,NaN
R_GPDDA5,0,0,0,0,NaN
R_GSDH,0,0,0,0,NaN
R_GSNt2,0,0,0,0,NaN
R_GSPMDS,0,0,0,0,NaN
R_GTADT1,0,0,0,0,NaN
R_GTADT2,0,0,0,0,NaN
R_GTHPe,0,0,0,0,NaN
R_GTPDPK,0,0,0,0,NaN
R_HACD2,0,0,0,0,NaN
R_HACD4,0,0,0,0,NaN
R_HACD5,0,0,0,0,NaN
R_HACDH,0,0,0,0,NaN
R_HACDHG,0,0,0,0,NaN
R_HATRAZE1,0,0,0,0,NaN
R_HATRAZE2,0,0,0,0,NaN
R_HBDH,0,0,0,0,NaN
R_HCINNMt2r,0,0,0,0,NaN
R_HDCAt2,0,0,0,0,NaN
R_HETZK,0,0,0,0,NaN
R_HEXTT,0,0,0,0,NaN
R_HIBDkt,0,0,0,0,NaN
R_HIBHrm,0,0,0,0,NaN
R_HISTRS,0,0,0,0,NaN
R_HMDPPK,0,0,0,0,NaN
R_HMR_0629,0,0,0,0,NaN
R_HMR_7756,0,0,0,0,NaN
R_HMSALD1,0,0,0,0,NaN
R_HMSALD2,0,0,0,0,NaN
R_HOGAD,0,0,0,0,NaN
R_HPPH,0,0,0,0,NaN
R_HPPPNt2r,0,0,0,0,NaN
R_HXMGL,0,0,0,0,NaN
R_HYDRTS,0,0,0,0,NaN
R_HYXNt,0,0,0,0,NaN
R_IDONt2r,0,0,0,0,NaN
R_IDPD,0,0,0,0,NaN
R_ILETRS,0,0,0,0,NaN
R_IMLTAP,0,0,0,0,NaN
R_IMP,0,0,0,0,NaN
R_INDOLEt2r,0,0,0,0,NaN
R_IPPMD,0,0,0,0,NaN
R_KAS14,0,0,0,0,NaN
R_KNAKGT,0,0,0,0,NaN
R_KNt,0,0,0,0,NaN
R_KNTt,0,0,0,0,NaN
R_KPENH,0,0,0,0,NaN
R_KYNATESYN,0,0,0,0,NaN
R_KYNRN3,0,0,0,0,NaN
R_L__LACD4,0,0,0,0,NaN
R_LAAO6,0,0,0,0,NaN
R_LALDO2x,0,0,0,0,NaN
R_LCADi,0,0,0,0,NaN
R_LCARR,0,0,0,0,NaN
R_LCTSt,0,0,0,0,NaN
R_LDH_L,0,0,0,0,NaN
R_LEUD1,0,0,0,0,NaN
R_LEUTRS,0,0,0,0,NaN
R_LLACtr,0,0,0,0,NaN
R_LYSTRS,0,0,0,0,NaN
R_MAAMPT,0,0,0,0,NaN
R_MACR1,0,0,0,0,NaN
R_MACR2,0,0,0,0,NaN
R_MACR3,0,0,0,0,NaN
R_MACR4,0,0,0,0,NaN
R_MACR4p,0,0,0,0,NaN
R_MALDDH,0,0,0,0,NaN
R_MALEAI,0,0,0,0,NaN
R_MALPYRI,0,0,0,0,NaN
R_MALt2_2,0,0,0,0,NaN
R_MALt2_3,0,0,0,0,NaN
R_MALTHXabc,0,0,0,0,NaN
R_MALTPTabc,0,0,0,0,NaN
R_MALTTRabc,0,0,0,0,NaN
R_MALTTTRabc,0,0,0,0,NaN
R_MAN1PT2,0,0,0,0,NaN
R_MAN6PI,0,0,0,0,NaN
R_MAN6Pt6_2,0,0,0,0,NaN
R_MANpts,0,0,0,0,NaN
R_MCCIS1,0,0,0,0,NaN
R_MCCIS2,0,0,0,0,NaN
R_MCCIS4,0,0,0,0,NaN
R_MCCIS5,0,0,0,0,NaN
R_MCITD,0,0,0,0,NaN
R_MCITL2,0,0,0,0,NaN
R_MCITS,0,0,0,0,NaN
R_MELIBt2,0,0,0,0,NaN
R_METabc,0,0,0,0,NaN
R_METDabc,0,0,0,0,NaN
R_METTHFD,0,0,0,0,NaN
R_METTRS,0,0,0,0,NaN
R_METTRSS,0,0,0,0,NaN
R_MG2t,0,0,0,0,NaN
R_MICITDr,0,0,0,0,NaN
R_MLTGCT,0,0,0,0,NaN
R_MMCS,0,0,0,0,NaN
R_MME,0,0,0,0,NaN
R_MMM,0,0,0,0,NaN
R_MMSAD1m,0,0,0,0,NaN
R_MNAO10,0,0,0,0,NaN
R_MNAO11,0,0,0,0,NaN
R_MNAO12,0,0,0,0,NaN
R_MNAO13,0,0,0,0,NaN
R_MNAO14,0,0,0,0,NaN
R_MNAO15,0,0,0,0,NaN
R_MNAO2,0,0,0,0,NaN
R_MNAO3,0,0,0,0,NaN
R_MNAO4,0,0,0,0,NaN
R_MNAO5,0,0,0,0,NaN
R_MNAO6,0,0,0,0,NaN
R_MNAO7,0,0,0,0,NaN
R_MNAO8,0,0,0,0,NaN
R_MNAO9,0,0,0,0,NaN
R_MNLpts,0,0,0,0,NaN
R_MOBDabc,0,0,0,0,NaN
R_MTTGH,0,0,0,0,NaN
R_NACt,0,0,0,0,NaN
R_NADDP1,0,0,0,0,NaN
R_NAMNPP,0,0,0,0,NaN
R_NAPMSCD,0,0,0,0,NaN
R_NHFRBO,0,0,0,0,NaN
R_NITL1,0,0,0,0,NaN
R_NITL2,0,0,0,0,NaN
R_NITL4,0,0,0,0,NaN
R_NITL5,0,0,0,0,NaN
R_NITORT,0,0,0,0,NaN
R_NITOXDR,0,0,0,0,NaN
R_NITRDT1,0,0,0,0,NaN
R_NITRDT1p,0,0,0,0,NaN
R_NITRDT2,0,0,0,0,NaN
R_NMNAT,0,0,0,0,NaN
R_NMNP,0,0,0,0,NaN
R_NMNt7,0,0,0,0,NaN
R_NNAM,0,0,0,0,NaN
R_NNDMBRT,0,0,0,0,NaN
R_NO2t2r,0,0,0,0,NaN
R_NO3t7,0,0,0,0,NaN
R_NPHS,0,0,0,0,NaN
R_NPPDO,0,0,0,0,NaN
R_NT5C,0,0,0,0,NaN
R_NTD1,0,0,0,0,NaN
R_NTD13,0,0,0,0,NaN
R_NTD3,0,0,0,0,NaN
R_NTD6,0,0,0,0,NaN
R_NTD8,0,0,0,0,NaN
R_NTPPD2,0,0,0,0,NaN
R_NTPPD3,0,0,0,0,NaN
R_NTPPD4,0,0,0,0,NaN
R_NTPPD5,0,0,0,0,NaN
R_NTPPD6,0,0,0,0,NaN
R_NTPPD7,0,0,0,0,NaN
R_NTPPD8,0,0,0,0,NaN
R_NTPPD9,0,0,0,0,NaN
R_NTPTP1,0,0,0,0,NaN
R_NTRIR2x,0,0,0,0,NaN
R_NTRLASE,0,0,0,0,NaN
R_NUDPK9,0,0,0,0,NaN
R_OAHSL1,0,0,0,0,NaN
R_OBUTt,0,0,0,0,NaN
R_OCDCAt2,0,0,0,0,NaN
R_OCMPH1,0,0,0,0,NaN
R_OGDH1,0,0,0,0,NaN
R_OGDH2,0,0,0,0,NaN
R_OGDH3,0,0,0,0,NaN
R_OTO4BZ,0,0,0,0,NaN
R_OXCTD1,0,0,0,0,NaN
R_OXGDC2,0,0,0,0,NaN
R_P5PPR,0,0,0,0,NaN
R_PAAD1,0,0,0,0,NaN
R_PAAD2,0,0,0,0,NaN
R_PAAD3,0,0,0,0,NaN
R_PAAD4,0,0,0,0,NaN
R_PAAD5,0,0,0,0,NaN
R_PAAD6,0,0,0,0,NaN
R_PAAD8,0,0,0,0,NaN
R_PACCOAL,0,0,0,0,NaN
R_PACt,0,0,0,0,NaN
R_PAPSR2,0,0,0,0,NaN
R_PDX5PSa,0,0,0,0,NaN
R_PDX5PSb,0,0,0,0,NaN
R_PGLYCP,0,0,0,0,NaN
R_PHACA,0,0,0,0,NaN
R_PHBD,0,0,0,0,NaN
R_PHE2MO1,0,0,0,0,NaN
R_PHE2MO2,0,0,0,0,NaN
R_PHE2MO3,0,0,0,0,NaN
R_PHE2MO4,0,0,0,0,NaN
R_PHE2MO5,0,0,0,0,NaN
R_PHEA4H,0,0,0,0,NaN
R_PHENOLt,0,0,0,0,NaN
R_PHETA1,0,0,0,0,NaN
R_PHETRS,0,0,0,0,NaN
R_PHOXDR,0,0,0,0,NaN
R_PLIPASA1C,0,0,0,0,NaN
R_PLIPASA1C_Nlimit,0,0,0,0,NaN
R_PLIPASA1E,0,0,0,0,NaN
R_PLIPASA1E_Nlimit,0,0,0,0,NaN
R_PLIPASA1S,0,0,0,0,NaN
R_PLIPASA1S_Nlimit,0,0,0,0,NaN
R_PMANM,0,0,0,0,NaN
R_PMCOAD,0,0,0,0,NaN
R_PNTOK2,0,0,0,0,NaN
R_PNTOK3,0,0,0,0,NaN
R_PNTOt4,0,0,0,0,NaN
R_PPAt,0,0,0,0,NaN
R_PPCOAC,0,0,0,0,NaN
R_PPG2DG,0,0,0,0,NaN
R_PPG2DGp,0,0,0,0,NaN
R_PPLCc,0,0,0,0,NaN
R_PPLCe,0,0,0,0,NaN
R_PPPNDO,0,0,0,0,NaN
R_PPPNt2r,0,0,0,0,NaN
R_PROAKGOX1,0,0,0,0,NaN
R_PROTCC2,0,0,0,0,NaN
R_PROTCD,0,0,0,0,NaN
R_PROTCDp,0,0,0,0,NaN
R_PROTRS,0,0,0,0,NaN
R_PSUDS,0,0,0,0,NaN
R_PUNP4,0,0,0,0,NaN
R_PYDXNO,0,0,0,0,NaN
R_PYDXO_1,0,0,0,0,NaN
R_PYK1,0,0,0,0,NaN
R_PYK2,0,0,0,0,NaN
R_PYK3,0,0,0,0,NaN
R_QDPQ1,0,0,0,0,NaN
R_QDPQ2,0,0,0,0,NaN
R_R15BPK,0,0,0,0,NaN
R_R3HBNt,0,0,0,0,NaN
R_RIBabc,0,0,0,0,NaN
R_RMNt,0,0,0,0,NaN
R_RZ5PP,0,0,0,0,NaN
R_SADMET,0,0,0,0,NaN
R_SADT2,0,0,0,0,NaN
R_SALCH1,0,0,0,0,NaN
R_SALCH2,0,0,0,0,NaN
R_SALCH3,0,0,0,0,NaN
R_SALCH4,0,0,0,0,NaN
R_SALCH5,0,0,0,0,NaN
R_SBTpts,0,0,0,0,NaN
R_SCCNAPS,0,0,0,0,NaN
R_SELNPS,0,0,0,0,NaN
R_SERDHT2,0,0,0,0,NaN
R_SERTRS,0,0,0,0,NaN
R_SHCHCC,0,0,0,0,NaN
R_SLCYSS,0,0,0,0,NaN
R_SPMDabc,0,0,0,0,NaN
R_SPMS,0,0,0,0,NaN
R_SPMS3,0,0,0,0,NaN
R_SSALy,0,0,0,0,NaN
R_SUCCS,0,0,0,0,NaN
R_SULALDAC,0,0,0,0,NaN
R_SULFR,0,0,0,0,NaN
R_TAGL1,0,0,0,0,NaN
R_TAGL1_Nlimit,0,0,0,0,NaN
R_TAGL2,0,0,0,0,NaN
R_TAGL2_Nlimit,0,0,0,0,NaN
R_TARTRt7,0,0,0,0,NaN
R_TAUDO,0,0,0,0,NaN
R_TAURabc,0,0,0,0,NaN
R_TDPDRE,0,0,0,0,NaN
R_TDPDRR,0,0,0,0,NaN
R_TDPGDH,0,0,0,0,NaN
R_THIOLS,0,0,0,0,NaN
R_THMabc,0,0,0,0,NaN
R_THRAD2,0,0,0,0,NaN
R_THRTRS,0,0,0,0,NaN
R_TMDPP,0,0,0,0,NaN
R_TOCHECK,0,0,0,0,NaN
R_TOLabc,0,0,0,0,NaN
R_TRPTRS,0,0,0,0,NaN
R_TSULabc,0,0,0,0,NaN
R_TTDCAt2,0,0,0,0,NaN
R_TYRTM,0,0,0,0,NaN
R_TYRTRS,0,0,0,0,NaN
R_UBQBM,0,0,0,0,NaN
R_UDPG4E,0,0,0,0,NaN
R_UDPG4E1,0,0,0,0,NaN
R_UDPGD,0,0,0,0,NaN
R_UGLYCH,0,0,0,0,NaN
R_UMBM1,0,0,0,0,NaN
R_UMBM2,0,0,0,0,NaN
R_UNSMONO,0,0,0,0,NaN
R_UPP3MT,0,0,0,0,NaN
R_UPPDC2,0,0,0,0,NaN
R_UPPRT,0,0,0,0,NaN
R_UREAt,0,0,0,0,NaN
R_VALTRS,0,0,0,0,NaN
R_XAND,0,0,0,0,NaN
