reaction_id,flux_mmol_gDCW_h,sd_flux,min_flux,max_flux,CV,flux_mmol_gDCW_h_FBA
R_CYTCOBO3,31.084794777701127,0.7870311865724536,0,65.50415073037942,0.025318847758230508,9.741060508334128
R_O2t,18.234635901040484,0.23729578451807798,0,36.984846739985734,0.013013464365610815,5.270124492932707
R_ATPS4m,45.75724724473547,2.3221872984633687,-20.836955265698567,20.836955265698567,0.05075015299856231,10.418477632849283
R_ENO,8.626410177247774,0.8557006453253861,0,20.749818901482428,0.09919545068495624,4.898103564008882e-4
R_FRUabc,9.326849536141703,0.2988110543625274,0,19.934321141827198,0.03203772648037576,1.7911456059084854
R_HEXf,9.326849536141703,0.2988110543625274,0,19.934321141827198,0.03203772648037576,1.7911456059084854
R_EDA,8.500878077514546,0.39144449519766406,0,19.67748792056318,0.04604753669306984,1.548651165321147
R_EDD,8.500878077514546,0.39144449519766406,0,19.67748792056318,0.04604753669306984,1.548651165321147
R_PGL,8.500878077514546,0.39144449519766406,0,19.67748792056318,0.04604753669306984,1.548651165321147
R_G6PDH2r,8.500878077511004,0.39144449519750196,0,19.67748792056227,0.046047536693069956,1.548651165321147
R_GAPD,7.303765422123012,0.6482301695419042,0,17.308279534729216,0.08875287363124003,0.266561911442978
R_CS,5.088818061853971,0.6619540010299124,0,12.599066436563707,0.13008010759746982,1.7900480340757727
R_ACONT1,4.318194775165126,0.6512416729532479,0,11.975316483253884,0.15081340857959438,1.7900480340757727
R_ACONT2,4.318194775165352,0.6512416729530599,0,11.975316483253437,0.15081340857954295,1.7900480340757727
R_SUCD4,4.049111342810207,0.9589068786655534,0,11.131581961995261,0.23681909374219448,1.6969339142592366
R_GLNS,2.3543092930092167,0.8913926539140883,0,9.674877498878944,0.3786217284878205,0.2600089795165671
R_PC,2.3252493824213714,0.9550901647660692,0,9.37497538285072,0.4107474114331329,0
R_SUCDi,2.7041720163001415,0.5493857767936909,0,7.753512134681062,0.2031622890415687,0
R_ICL,2.5292240945881588,0.593001210527452,0,7.606535053383335,0.23445973482393706,0.3116807415072309
R_HXPRT,1.7546913485864044,0.7682281715972561,0,7.5807598888259005,0.43781384812556795,0
R_PIt2r,2.958254797156144,0.7429639092904028,0,6.7718449741978475,0.2511493972745808,3.563534546410053
R_PTRCORNt7,1.4037760319211046,0.9239418031758088,0,6.720570030887197,0.6581832017115793,0
R_ARBabc,0.6106671957847154,0.9391952636871564,0,6.677382161082877,1.537982177805176,0
R_XPPT,0.9226746972326257,0.7845828665178959,0,6.466178915370606,0.8503353011316902,0
R_DAAD,1.8917341149995484,0.5634870542273269,0,6.462309346430766,0.2978679983404864,0
R_DATA3,1.8917341149995484,0.5634870542273269,0,6.462309346430766,0.2978679983404864,0
R_PGLCED,1.3662591644955389,0.5162496427046926,0,6.376906472389681,0.37785630729533404,0.266561911442978
R_PSERT,1.3662591644955389,0.5162496427046926,0,6.376906472389681,0.37785630729533404,0.266561911442978
R_PSP_L,1.3662591644955389,0.5162496427046926,0,6.376906472389681,0.37785630729533404,0.266561911442978
R_LYSabc,0.4389177096646635,0.7665734671818246,0,6.291131068942337,1.7465084007831277,0
R_ADSS,1.3840828170081898,0.6933334271194129,0,6.1586799753301,0.5009334836033228,0.019099039791107636
R_ADSUCL1,1.3840828170081898,0.6933334271194129,0,6.1586799753301,0.5009334836033228,0.019099039791107636
R_ARGabc,0.3918795411816751,0.8054929138848326,0,6.10975756992615,2.055460490374022,0
R_G5SADs,0.4942285126547984,0.7033144253862466,0,5.804406402498521,1.423055140239324,0.08629725291767197
R_G5SD,0.4942285126547984,0.7033144253862466,0,5.804406402498521,1.423055140239324,0.08629725291767197
R_GLU5K,0.4942285126547984,0.7033144253862466,0,5.804406402498521,1.423055140239324,0.08629725291767197
R_GART,0.5833744327980053,0.6908073791716793,0,5.7990594797880535,1.1841577901492863,0.0451007396672048
R_PTRCabc,0.39358103014764223,0.8820122883168394,0,5.726725038631649,2.2409928852159724,0
R_LYSt,0.6191654116072005,0.7438813300060347,0,5.582283650706754,1.2014258485064637,0
R_PIabc,0.43628666143092837,0.7422688938980211,0,5.501941769165603,1.701332998500425,0
R_NTD10,0.8599213906018323,0.7399805361112454,0,5.436537723318206,0.860521140884001,0
R_PUNP7,0.8599213906018323,0.7399805361112454,0,5.436537723318206,0.860521140884001,0
R_PUNP5,0.9807711985228025,0.6228877267954037,0,5.4321665500222025,0.635099937410042,0
R_P5CD,0.22944964467001466,0.6987397648945617,0,5.400538816423365,3.045285887888218,0
R_HISabc,0.5232434533978865,0.4099544825975491,0,5.332591375528535,0.7834870745832536,0
R_PRUK,1.2771615250399415,0.7091320749258542,0,5.315701678478444,0.5552407123317288,0
R_RBPC,1.2771615250399415,0.7091320749258542,0,5.315701678478444,0.5552407123317288,0
R_SUCCt2_2,0.7720308274826121,0.532880275510745,0,5.265949107812389,0.6902318619171288,0
R_FTHFD,0.40972881423262575,0.6964662062507373,0,5.2076889698093645,1.6998223753316868,0
R_AKGDH,1.912435287177599,0.6667262588485462,0,5.155367452974237,0.34862683371237674,1.2551514973889635
R_ILEabc,0.652532477582754,0.6134028364172154,0,5.062402273621429,0.9400341860216817,0
R_BTPT2,0.9512569668380657,0.7115349952659733,0,4.977241321955228,0.7479945168034698,0
R_TDP,0.36471439674629713,0.5649514665148386,0,4.970455843272919,1.5490243093086082,0
R_TMPK,0.36471439674629713,0.5649514665148386,0,4.970455843272919,1.5490243093086082,0
R_LEUabc,0.5985854366715291,0.5541541264623872,0,4.918093766585633,0.9257728179018104,0
R_ADA,0.3974486428450425,0.5337018608442127,0,4.904927579611885,1.3428196836296473,0
R_SUCD1,0.9789485346465523,0.6365486573603514,0,4.861110395138085,0.6502371011670968,1.6969339142592366
R_ASP1DC,1.5994851163921415,0.399825100183603,0,4.827595494710356,0.2499711288876907,5.537097324206007e-4
R_AACOAS,0.39430807406594776,0.450342047085,0,4.798412490651582,1.1421070901268955,0
R_Kabc,0.37726897836796913,0.6174662371206487,0,4.762005940451918,1.6366737593738845,0
R_ASP4DC,0.19675075323097702,0.35949446588194256,0,4.562246716903167,1.827156745163315,0
R_ALADH,0.785517042595425,0.4617544542510981,0,4.554390404085288,0.5878350553992009,0
R_PDH1,13.330999295597252,1.648040865378191,-4.447204305471823,4.447204305471823,0.12362470575799066,2.2236021527359116
R_PDH2,13.330999295597252,1.648040865378191,-4.447204305471823,4.447204305471823,0.12362470575799066,2.2236021527359116
R_PDH3,13.330999295597252,1.648040865378191,-4.447204305471823,4.447204305471823,0.12362470575799066,2.2236021527359116
R_PPCK,0.33363432833947887,0.6133752797363805,0,4.384870208131654,1.8384657321960594,0
R_CHLabc,0.3970917985752229,0.6056376192335584,0,4.377172000968395,1.525182895760134,0
R_ME1,0.9149398621541107,0.5483750892629861,0,4.270628126746151,0.5993564298006494,0
R_PUNP3,0.7035900988412953,0.4678885133382859,0,4.270341351245268,0.6650015600117545,0
R_MSDHA,1.2811465460375238,0.40161884842246215,0,4.125124751350796,0.31348392552330157,0
R_GCLDH,0.658870289435994,0.44905138642345926,0,4.076103175157681,0.6815474815351837,0
R_APPS2,0.5192513787071145,0.4973658037230825,0,4.008487872801494,0.9578516766993956,0
R_ALAR,1.1484279498231353,0.35348255305720117,0,3.991782074447566,0.30779689149122463,0.015274751239189088
R_AADT2,0.6653032820263713,0.645303062755379,0,3.9910949502713713,0.9699381923833654,0
R_SUCCt_3,0.5375521178208095,0.723790895045481,0,3.9551975624040394,1.346457154665612,0
R_TRPS2,0.5745925058343027,0.3419512700033163,0,3.872596338309575,0.5951196135195088,0
R_TRPAS2,0.46622096000146485,0.39923687313737966,-0.6831901749401368,3.8655590407554428,0.8563254494952892,0
R_VALabc,0.7658200650007367,0.533053688577051,0,3.836723190995831,0.6960560488533795,0
R_ORNabc,0.3393134913928871,0.5136391488425787,0,3.6963090458226917,1.5137598765498008,0
R_CYTK1,0.9665247949393734,0.433114299092821,0,3.6949650327148995,0.4481150420150253,0.01674087277896394
R_NDPK3,0.963706121321068,0.4331176249284785,0,3.6892978528010825,0.449429152047672,0.013793609527362404
R_CDS,0.9602741072494851,0.4331438932038724,0,3.6822366479050657,0.45106276419815927,0.010007762432729373
R_LYStr,0.013915882122201323,0.9941080908404927,-5.033649754631263,3.610969070205984,71.43694392571047,0
R_NTP1,0.261242073502486,0.36492981743308356,0,3.5639687881145634,1.396902928155678,0
R_FUM,4.956790966974779,1.0884527156186115,-3.5350386069461774,3.5350386069461774,0.2195881817229251,1.7675193034730887
R_DADA,0.4666189920844238,0.4991339887454547,0,3.534964631066494,1.0696821115569768,0
R_PUNP6,0.4666189920844238,0.4991339887454547,0,3.534964631066494,1.0696821115569768,0
R_SERD_L,0.423289841658799,0.3539877255169917,0,3.5298866172748533,0.8362773935934196,0
R_PPS,0.48037293341806553,0.40973323459340844,0,3.476818203370944,0.8529482118777499,0.38743693696478543
R_P5CD3,0.8531250393209218,0.3497945616229413,0,3.463662547390539,0.4100155844697443,0
R_FBP,0.23268246558272407,0.2681838063493607,0,3.4622469620120015,1.152574198823826,0
R_CAT,1.0575777055891953,0.2465964693242269,0,3.3985004580907674,0.23317101714700353,0.011791980667059351
R_ALHD1,0.7814449206516176,0.3603170677207772,0,3.3816993036578347,0.4610908052487209,0
R_LAAO5,0.6966391881674936,0.43937813432375344,0,3.3150103500280204,0.6307111942403582,0
R_ACS,0.4278555018508412,0.4122564954002468,0,3.2495351675436233,0.963541414372106,0.027078315259272456
R_NTP3,0.27308673146790974,0.31539817162067846,0,3.223942245764938,1.1549377369062719,0
R_ALAabc,0.45141019442897495,0.4278394626677322,0,3.203660948616587,0.9477842280654312,0
R_NADH5,0.7199004415989407,0.3839285442682767,0,3.1778084932064203,0.5333078326991286,3.469062887999062
R_G3PD5,0.4292073767419814,0.4029831728971748,0,3.148591232576218,0.9389008547712558,0
R_NTD9,0.5074759250654841,0.4162586723094868,0,3.115710288568786,0.8202530440350905,0
R_GLYBabc,0.46592657830426504,0.3890796480186885,0,3.098853132680153,0.8350664377952849,0
R_GLXCL,0.9225729976705987,0.236933925550586,0,3.089800223710352,0.25681862156037477,4.898103564008882e-4
R_CDPDGP,0.286288166550612,0.3751513125713902,0,3.059905062787707,1.3103975518494522,0
R_GLUabc,0.25549503167989573,0.274469066463725,0,3.0435228255702875,1.0742638111554412,0
R_ASPK,0.5113687551310591,0.271920855427985,0,3.0278922665481787,0.5317510166578211,0.13310184271556227
R_GLUS,0.34864443089524233,0.35987345165051315,0,3.02287337297299,1.0322076584629136,0
R_ACCOAC,0.5200014493958601,0.32095993806288553,0,2.9638692216910245,0.617228929718904,0.1385094422262376
R_GF6PTA,0.5259787506552884,0.445905358628582,0,2.959588803172988,0.847763066612582,0.05093811314285411
R_ALATA_D,0.28310984737933326,0.3243331125374348,0,2.903852029570349,1.1456087294020094,0
R_ACGS,0.2652605370718507,0.29918990881442237,0,2.869629592826444,1.1279096096129115,0
R_ACODA,0.2652605370718507,0.29918990881442237,0,2.869629592826444,1.1279096096129115,0
R_G6PDA,0.4774437372250476,0.445954833735249,0,2.8627515229627383,0.9340468812664391,0
R_ASPabc,0.594728427120081,0.4688062067339833,0,2.84745544724756,0.7882693770064688,0
R_LDHm,0.4163052473043954,0.3678650651621152,0,2.797996396937022,0.8836426337262534,1.2003469317800326
R_ALDD2x,0.24472161464759828,0.33529777235771197,0,2.749689136825754,1.3701191569880098,0
R_ACYP,0.2846555020463707,0.38143529327270514,0,2.746364420433495,1.3399891817674014,0
R_MCDC,0.38741428686493407,0.3210143109431832,0,2.6987345528957216,0.8286073121900634,0
R_NH4t,1.3276386038862773,0.010222202660020207,0,2.680910205634718,0.007699537080420583,1.355393531501215
R_FORTF,0.3833015969062465,0.2708006377821446,0,2.674587911883025,0.7064949375840481,0
R_THFAT,0.3833015969062465,0.2708006377821446,0,2.674587911883025,0.7064949375840481,0
R_L_LACD2,0.3506340064753303,0.3577331900608611,0,2.6648977595941163,1.0202467058369316,0
R_P5CD1p,0.4760487812671994,0.3603526922226423,0,2.635174043623203,0.7569658959391001,0
R_GAM,0.21425169552959628,0.35826604195305695,0,2.57879656073311,1.6721736603646473,0
R_CITL,0.2851261505927053,0.36785911294754714,0,2.558099594973248,1.2901626602220138,0
R_PAAD7,0.29365765679575206,0.27978377424025064,0,2.544007007289438,0.9527549095539125,0
R_SUCCabc,0.32833214118478615,0.29597003521896265,0,2.5406008539400173,0.9014348523752659,0
R_NADDP1,0.1393164740871322,0.2205578331207437,0,2.524095511870654,1.5831425146662912,0
R_NMNAT,0.1393164740871322,0.2205578331207437,0,2.524095511870654,1.5831425146662912,0
R_P5CR,0.5898567800522163,0.24606753125102732,0,2.5064946660357275,0.4171648772592637,0
R_PRPPS,0.628111419227227,0.26020397398576145,0,2.4610654595810626,0.41426403981938986,0.18074689515088477
R_ETOHt2r,0.4225050165486992,0.3184387373201405,0,2.415341171275657,0.7536922044650712,0
R_NADH16,21.154739994905512,1.669423958443753,-2.412753277966093,2.412753277966093,0.07891488899630929,1.2063766389830466
R_NTD11,0.26685601603279197,0.3468019253668454,0,2.365450693308572,1.2995844370404956,0
R_ME2,0.47884268524278173,0.34744669950523593,0,2.35926478698119,0.7255967569580275,0
R_DAGK,0.3436024037622037,0.21574957222898375,0,2.3485037903612667,0.6279047232111251,0.0012117969316423347
R_PPLCg,0.34244679381042487,0.21574983892752791,0,2.346196450179103,0.6300244091260637,0
R_ASPO1,0.2967079555846777,0.27443555241407264,0,2.3290873844017375,0.9249349309602561,0
R_SADT,0.24339519192626818,0.21435580656439188,0,2.32105870132097,0.8806903902576957,0.025866518327630122
R_MALS,0.22414998466853875,0.2838758381773575,0,2.299442371906109,1.266454863234268,0.31165197405906864
R_RBFK,0.22643267372795173,0.3426754772822851,0,2.292911282625731,1.5133658567932367,0.0014663761189621528
R_ACP1p,0.22503403044768827,0.34267482484986156,0,2.29011832911195,1.5227689081875118,0
R_ATPADT,0.21877691014617145,0.21435580415660582,0,2.2717004581306632,0.9797917157408808,0
R_GLYCTO1,0.15174411062189486,0.2759361395967055,0,2.133164171737961,1.8184306360611482,0
R_CYTBD,0.3310499688594347,0.2347485631910467,0,2.124421642557878,0.709103112136893,0
R_GLUDy,68.95627864004899,75.04356027334954,-2.1050987828499013,2.1050987828499013,1.0882774092998273,-1.0525493914249506
R_PROabc,0.5022173999321451,0.284830546415128,0,2.0967904825395256,0.5671459142068985,0
R_P5CR2,0.1798224235718786,0.19507410347899082,0,2.080238201273394,1.0848152282911248,0
R_THRA,0.17173336213762885,0.21218115528080014,0,2.0074831915666036,1.2355267062829411,0
R_NO3R1,0.4168031804415513,0.23202539047032578,0,1.9989084462672555,0.5566785508318906,0
R_CNITRT,0.41680318044155096,0.23202539047032564,0,1.9989084462672537,0.5566785508318907,0
R_GLUK,0.20759379966265595,0.24883862885458338,0,1.9830914916577174,1.1986804483513047,0
R_GLYK,0.1555989422778592,0.21335898275162865,0,1.9600521571584315,1.3712110097164096,0
R_FDH2,0.3282238318691795,0.1764381096083293,0,1.93345366863167,0.537554231219421,0.08911234120100847
R_DUTPDP,0.12494588183415795,0.2161398622447022,0,1.9292090328247928,1.7298678361531517,0
R_NDPK6,0.12490516722952291,0.2161306233178643,0,1.9291011798660775,1.7303577434927697,0
R_ACGK,0.32456311386040426,0.2050414271381665,0,1.927331877079129,0.6317459328614758,0.039469957202064615
R_URIDK2r,0.12128095463320382,0.21600853008047424,-0.0016114191926264385,1.9208197009120467,1.7810589530216008,-0.00222553125554985
R_GLYOX,0.3044381209665138,0.21044643756238193,0,1.8772529409321292,0.6912617805361164,1.2003469317800326
R_LGTHL,0.3044381209665138,0.21044643756238193,0,1.8772529409321292,0.6912617805361164,1.2003469317800326
R_MGSA,0.3044381209665138,0.21044643756238193,0,1.8772529409321292,0.6912617805361164,1.2003469317800326
R_ORNCD,0.286527732062965,0.20514071943416382,0,1.8497238384819799,0.7159541520018864,0
R_ALATA_D2,0.3064095064868728,0.2119567202973441,0,1.8194576671604819,0.6917432906293485,0
R_PYAM5PO,0.3064095064868728,0.2119567202973441,0,1.8194576671604819,0.6917432906293485,0
R_PROD2,0.38800526437754956,0.20116763429240367,0,1.8039330959583266,0.5184662497173156,0
R_ACALD,-1.097069897688196,0.8416458797208312,-5.769041157135417,1.7485495847415846,0.7671761676210349,0
R_CTPS2,0.17487670038475872,0.19206058902729106,0,1.732450379007192,1.0982628823892768,0.011781161051599225
R_DCTPDA2,0.16342549437283932,0.19212279250478972,0,1.7092754800224332,1.1755986618983714,0
R_DADH,0.5313750744755965,0.1945591403700727,0,1.6877391370717387,0.36614276753963143,0
R_AMPN,0.2746272605322839,0.21934695243185603,0,1.685822839990941,0.7987078631841452,0
R_ICDHyr,393.1096994640586,132.96766150056015,-1.67852099439998,1.67852099439998,0.3382456898973493,0.83926049719999
R_MDH2,0.43352187793721786,0.19760315518545732,0,1.6629683200841847,0.45580895738340105,2.0791712775321574
R_ALAAPT,0.16042997109484164,0.1965583568902635,0,1.5630997159809545,1.225197234337615,0
R_GGLUCYSS,0.16042997109484164,0.1965583568902635,0,1.5630997159809545,1.225197234337615,0
R_GTHHR,0.16042997109484164,0.1965583568902635,0,1.5630997159809545,1.225197234337615,0
R_GTHS,0.16042997109484164,0.1965583568902635,0,1.5630997159809545,1.225197234337615,0
R_LAAO3,0.2330274539760244,0.18223643250108373,0,1.5552709827923916,0.78203846538972,0
R_GACT_h,0.03928901306270817,0.3294963661468223,-1.94022854500898,1.5409525721769248,8.38647602628556,0.039469957202064615
R_THRD,0.1663653937237386,0.17226663723323637,0,1.5391888278659653,1.0354715808222545,0
R_DLDHD,-0.23972017945720836,0.39435467402219243,-2.2615151656145827,1.4841444887485977,1.6450624845814759,0
R_GMPS,0.16605831222011982,0.1628839916701158,0,1.4662978773197932,0.9808843019806424,0.01230432128154144
R_ADK1,-354.88793626187567,186.84243687898487,-1.4582560612033912,1.4582560612033912,0.5264829197831955,0.7291280306016956
R_GUAD,0.15425187048821268,0.16288470212891318,0,1.4428182114208878,1.0559658149582063,0
R_THRabc,0.2276916151201496,0.24171171744384984,0,1.417691874642509,1.0615749610116387,0
R_CYSS,0.17387570122907914,0.15188133649703706,0,1.413177034986282,0.8735052420978319,0.012103967461120746
R_SEROAT,0.17387570122907914,0.15188133649703708,0,1.4131770349862818,0.8735052420978321,0.012103967461120746
R_NTD7,0.2955926675360445,0.22550365162593877,0,1.4061260449466162,0.7628864866833711,0
R_CHORS,0.3414324958601744,0.10866893254056195,0,1.4033805128959125,0.31827354999350954,0.18862993968624295
R_DHQND,0.3414324958601744,0.10866893254056195,0,1.4033805128959125,0.31827354999350954,0.18862993968624295
R_DHQS,0.3414324958601744,0.10866893254056195,0,1.4033805128959125,0.31827354999350954,0.18862993968624295
R_DPHS,0.3414324958601744,0.10866893254056195,0,1.4033805128959125,0.31827354999350954,0.18862993968624295
R_PSCIT,0.3414324958601744,0.10866893254056195,0,1.4033805128959125,0.31827354999350954,0.18862993968624295
R_SHKK,0.3414324958601744,0.10866893254056195,0,1.4033805128959125,0.31827354999350954,0.18862993968624295
R_SKDH,0.3414324958601744,0.10866893254056195,0,1.4033805128959125,0.31827354999350954,0.18862993968624295
R_GK1,0.1451813166820061,0.18382400848867872,0,1.3944088248013455,1.266168489787929,0.01230432128154144
R_CYSTBL1,0.1623343869064992,0.15187708941194086,0,1.3901563083316895,0.9355817476886059,0
R_NUTPTP2,0.13344742544181695,0.18382703431452416,0,1.3710070420548333,1.37752402270715,0
R_PPA2,0.13344742544181695,0.18382703431452416,0,1.3710070420548333,1.37752402270715,0
R_NADHDH,0.14923420054750652,0.13894781381280966,0,1.2928463485860258,0.931072189237062,0
R_POX,0.45249978978402133,0.1833341273915347,0,1.2869349962339398,0.40515848080071,0
R_ICDHx,-391.0328502266555,132.50478628076783,-1.2782135907371037,1.2782135907371037,0.3388584519279229,0.6391067953685519
R_LAAO4,0.16043192547938256,0.14092496755921505,0,1.2446150464076162,0.8784097500427096,0
R_CLPNS2,0.12303902565262723,0.1255687415375784,0,1.2418311992045403,1.0205602724138376,5.859776444133915e-4
R_GLYCTO1p,0.15364348886135323,0.15606650105412667,0,1.2132588627210823,1.0157703538934861,9.508532646395095e-4
R_ANPRT,0.18042352083015706,0.09753996488571251,0,1.179371577346412,0.5406166803358884,0.12682880533086022
R_IG3PS,0.18042352083015706,0.09753996488571251,0,1.179371577346412,0.5406166803358884,0.12682880533086022
R_PRAI,0.18042352083015706,0.09753996488571251,0,1.179371577346412,0.5406166803358884,0.12682880533086022
R_RPI,0.08228543703649491,0.2666285828315536,-1.1700682701484508,1.1758410605699448,3.2402888340168814,-0.18256459054834828
R_TRPD,0.17774193841274535,0.09734097649804634,0,1.173923124374585,0.5476533977704515,0.1261363499413503
R_PGRPP,0.18901589554670767,0.15180524402347326,0,1.164100909838637,0.8031348029455052,0.002369113917198228
R_PPGS,0.18901589554670767,0.15180524402347326,0,1.164100909838637,0.8031348029455052,0.002369113917198228
R_TPI,-0.24277451844741643,0.39458392318445895,-3.18743973997137,1.1328165426329326,1.62531029083237,-1.2127187165462119
R_TRPS2_1,0.11743832117782299,0.09879463585714193,0,1.1266252445054323,0.8412470040979969,0
R_NDPK2,0.17060876583978427,0.12445322262514823,0,1.1248610664388983,0.7294655817510578,0.0696361907139328
R_PPSERS,0.15775268341474655,0.13841340163416013,0,1.0652507634742405,0.8774075891327843,0.007052670871117754
R_PSDC_BS,0.15775268341474655,0.13841340163416013,0,1.0652507634742405,0.8774075891327843,0.007052670871117754
R_ETHAAL,0.15104078045112318,0.13841239383148132,0,1.0517983389853678,0.9163908807811781,0
R_PPLDe,0.15104078045112318,0.13841239383148132,0,1.0517983389853678,0.9163908807811781,0
R_ASNS,0.15153093212844865,0.1389419689045133,0,1.0063157200633648,0.9169214955183934,0.03193950484114439
R_GALUi,0.1049512987330036,0.12441960912494136,0,0.993855771667266,1.1854985181409254,0.0012117969316423347
R_TRE6PP,0.10379689983132798,0.12441931442729169,0,0.9915457458288587,1.1986804483513047,0
R_TRE6PS,0.10379689983132798,0.12441931442729169,0,0.9915457458288587,1.1986804483513047,0
R_TREH,0.10379689983132798,0.12441931442729169,0,0.9915457458288587,1.1986804483513047,0
R_ASNN,0.12114759109388343,0.1389228809918939,0,0.9453748262023822,1.1467242537594948,0
R_GLYCt,0.11553827094803637,0.09914593911253627,0,0.8841823562788704,0.8581220603268973,0
R_NODOx,0.13362242750733663,0.0771942783060255,0,0.8600797248287503,0.5777045047455608,0
R_PPA,5.596528307778277,1.5825785738871592,-0.8470753318245224,0.8470753318245224,0.2827786239707979,0.4235376659122612
R_BTCOAD2,0.19754948256994925,0.1178324159545109,0,0.8131615105429139,0.5964703851491397,0
R_P5CR1,0.18412956400121794,0.0917678206959784,0,0.7725262826620093,0.4983872155118523,0.08629725291767197
R_ACFM3,0.09774445885249838,0.08165639035113197,0,0.7646528106379483,0.8354068487335515,0.1261363499413503
R_KYNRN1,0.09774445885249886,0.08165639035113158,0,0.7646528106379455,0.8354068487335435,0.1261363499413503
R_ACACT1r,0.12044532768743466,0.09831084653845538,-0.2485326243702275,0.7494897855281124,0.8162279801635807,0
R_GLYCK,0.09147335942371203,0.09705895347443859,0,0.7349004616910733,1.0610625223115906,4.898103564008882e-4
R_PRAZCFT,0.13962303954154495,0.07848775106880725,0,0.7271887082784341,0.5621403983649357,0.03140336107264908
R_ATPPRT,0.12699589730287608,0.07860550113398773,0,0.7010750110869387,0.6189609491597926,0.019302193982588617
R_HISTD,0.12699589730287608,0.07860550113398773,0,0.7010750110869387,0.6189609491597926,0.019302193982588617
R_HISTP,0.12699589730287608,0.07860550113398773,0,0.7010750110869387,0.6189609491597926,0.019302193982588617
R_HSTPT,0.12699589730287608,0.07860550113398773,0,0.7010750110869387,0.6189609491597926,0.019302193982588617
R_IGPDH,0.12699589730287608,0.07860550113398773,0,0.7010750110869387,0.6189609491597926,0.019302193982588617
R_IMG3PS,0.12699589730287608,0.07860550113398773,0,0.7010750110869387,0.6189609491597926,0.019302193982588617
R_PRAMPC,0.12699589730287608,0.07860550113398773,0,0.7010750110869387,0.6189609491597926,0.019302193982588617
R_PRATPP,0.12699589730287608,0.07860550113398773,0,0.7010750110869387,0.6189609491597926,0.019302193982588617
R_PRMIIZCI,0.12699589730287608,0.07860550113398773,0,0.7010750110869387,0.6189609491597926,0.019302193982588617
R_CHRPL,0.1255691734212635,0.07666588440060272,0,0.6949033503913733,0.6105470181236404,0.12895530528254098
R_HISAL,0.10858315528893484,0.0785965909109203,0,0.6642592309270771,0.7238377877468964,0
R_UROCH,0.10797005947065841,0.0786267609702262,0,0.6629699337357076,0.7282274489400791,0
R_BTCOADm,0.09910237047394035,0.07722611757317492,0,0.6531350571599593,0.7792560077408245,0
R_GLYCEK1,0.1192536803965862,0.08951435438900712,0,0.6513913307876324,0.7506213149256364,0
R_ACFM1,0.06813501261362652,0.06060031257423798,0,0.6512487280120196,0.8894151516179267,0
R_KYN,0.06813501261362652,0.06060031257423798,0,0.6512487280120196,0.8894151516179267,0
R_NODOX2,0.05743021481539122,0.06627785832144996,0,0.5920239372943955,1.1540590355529643,0
R_FGDM,0.04997322487868327,0.05704864934064988,0,0.5564781238578113,1.1415843079797863,0
R_FORGD,0.04997322487868327,0.05704864934064988,0,0.5564781238578113,1.1415843079797863,0
R_IZPN,0.04997322487868327,0.05704864934064988,0,0.5564781238578113,1.1415843079797863,0
R_HTTOG,0.030782368668118336,0.06676739246929604,0,0.5402180457257273,2.1690141258832956,0
R_ANS,0.113973723796073,0.046653787993942285,0,0.511031815930753,0.4093381039073302,6.92455389509905e-4
R_ANDO,0.11089815615802276,0.04628714747272414,0,0.5030197227067515,0.41738428370953184,0
R_CHORM,0.09915098277172113,0.03939958431798087,0,0.48241953831193696,0.3973695793685873,0.058031325749552554
R_LAAO2,0.07252269816229664,0.053316745097003584,0,0.4788991783936639,0.7351732140148376,0
R_UNK2,0.07252269816229664,0.053316745097003584,0,0.4788991783936639,0.7351732140148376,0
R_TRPS1,0.07051750949921703,0.04161851926756525,0,0.45640006437378144,0.5901870267841399,0.12682880533086022
R_3CMUCC,0.050543564783383926,0.05272961788004292,0,0.4526287316961519,1.0432508689489517,0.13001690049366463
R_4CBMCLC,0.050543564783383926,0.05272961788004292,0,0.4526287316961519,1.0432508689489517,0.13001690049366463
R_PHBZMN,0.050543564783383926,0.05272961788004292,0,0.4526287316961519,1.0432508689489517,0.13001690049366463
R_PROTCC1,0.050543564783383926,0.05272961788004292,0,0.4526287316961519,1.0432508689489517,0.13001690049366463
R_3OXAPLC,0.030642543708154727,0.04597560917604502,0,0.433023420746903,1.5003848771148132,0.13001690049366463
R_3OXAPT,0.030642543708154727,0.04597560917604502,0,0.433023420746903,1.5003848771148132,0.13001690049366463
R_3OXCOAT,0.030642543708154727,0.04597560917604502,0,0.433023420746903,1.5003848771148132,0.13001690049366463
R_HCO3E,2.8564385613014665,1.0824180420331349,-0.3953824226465768,0.3953824226465768,0.3789397246968818,0.1976912113232884
R_FUMAC,0.04153714921278391,0.039389136102272765,0,0.36615037957827606,0.9482869394934293,0
R_HOMOGD,0.04153714921278391,0.039389136102272765,0,0.36615037957827606,0.9482869394934293,0
R_MACACI,0.04153714921278391,0.039389136102272765,0,0.36615037957827606,0.9482869394934293,0
R_PPND,0.049877043816526925,0.03887674808137205,0,0.3653768740172132,0.7794517298254575,0.020811848563395137
R_PHAS,0.06236870666702496,0.038895128367356376,0,0.36264814069854395,0.6236321136978246,0
R_PHBt,0.06236870666702496,0.038895128367356376,0,0.36264814069854395,0.6236321136978246,0
R_4OXCTT,0.05869206928094153,0.037972469297479945,0,0.3618006480417263,0.6469778585538873,0
R_CATCHD5,0.05869206928094153,0.037972469297479945,0,0.3618006480417263,0.6469778585538873,0
R_HMSALD3,0.05869206928094153,0.037972469297479945,0,0.3618006480417263,0.6469778585538873,0
R_HOPNTAL,0.05869206928094153,0.037972469297479945,0,0.3618006480417263,0.6469778585538873,0
R_4HPHED1,0.02839536027801847,0.03906707491149003,0,0.3252722776031984,1.3758259986485464,0
R_CATCHDG5,0.04369979042339271,0.029928173914186063,0,0.3014468179785836,0.6848585227577056,0
R_MUCCYCI,0.021425425790269723,0.03286090085132641,-0.09608465135186643,0.2711052982487641,1.5337338530863673,0
R_OP4ENH,0.026476169359598793,0.02898926670816841,0,0.27032326983802607,1.094919220165001,0
R_OXCTD2,0.026476169359598793,0.02898926670816841,0,0.27032326983802607,1.094919220165001,0
R_FBMO1,0.015391184334059168,0.03338369623464802,0,0.27010902286286365,2.1690141258832956,0
R_MCOATA,0.13219428524907118,2.4440968231023594e-4,0,0.2656111212224759,0.0018488672324203455,0.1385094422262376
R_PAAD9,0.0244220289010467,0.01937295151563082,0,0.2325729155413856,0.793257251235196,0
R_ACLS,0.10126524982375089,4.733066384409296e-4,0,0.20550958653687704,0.0046739294996527,0.10520103047210506
R_DHADT1,0.10126524982375089,4.733066384409296e-4,0,0.20550958653687704,0.0046739294996527,0.10520103047210506
R_PPNDH,0.04717338246415384,0.01195665106484065,0,0.1994176729201401,0.25346181342680446,0.03721947718615742
R_HSK,622.7309478933663,58.436820129352206,-0.1906853153045737,0.1906853153045737,0.09383959529719514,0.09534265765228685
R_THRS,622.7309478933663,58.436820129352206,-0.1906853153045737,0.1906853153045737,0.09383959529719514,0.09534265765228685
R_MCLACi,-0.01139359518643968,0.04296547543892219,-0.39734491556778145,0.1819416105535045,3.7710200104404645,0
R_GLYAMT,-659.4059797624343,126.5642048003275,-0.1319807243446516,0.1319807243446516,0.1919366955785343,-0.0659903621723258
R_2HPAC,0.010721021297380048,0.011989438695867594,0,0.1263215346031663,1.1183112469702412,0
R_4HPHED2,0.010721021297380048,0.011989438695867594,0,0.1263215346031663,1.1183112469702412,0
R_CBPS,0.06061885326918589,0.0018484469157025007,0,0.12589798316618583,0.030492937692077945,0.05918176909705081
R_G1PACT,0.048524441647785785,8.891524756416216e-5,0,0.09749100354322385,0.0018323806425131622,0.05093811314285411
R_UAGDP,0.048524441647785785,8.891524756416216e-5,0,0.09749100354322385,0.0018323806425131622,0.05093811314285411
R_LEUTA,140.2780204768456,53.30153808364281,-0.09036542833104266,0.09036542833104266,0.37997070319680487,0.04518271416552133
R_IPMD,0.04357893492766889,3.6873319281280283e-4,0,0.08969572351335255,0.008461271332693558,0.04518271416552133
R_IPPS,0.04357893492766889,3.6873319281280283e-4,0,0.08969572351335255,0.008461271332693558,0.04518271416552133
R_OMCDC,0.04357893492766889,3.6873319281280283e-4,0,0.08969572351335255,0.008461271332693558,0.04518271416552133
R_GHMT3,-0.11182120781864544,0.13601793410347723,-1.224386384352211,0.07929779918460048,1.2163876312628878,0.08413600290692046
R_ARGSL,0.03881526613095142,4.952453517692924e-4,0,0.07868633960419694,0.012759035326422304,0.039469957202064615
R_ARGSS,0.03881526613095142,4.952453517692924e-4,0,0.07868633960419694,0.012759035326422304,0.039469957202064615
R_OCT,0.03881526613095142,4.952453517692924e-4,0,0.07868633960419694,0.012759035326422304,0.039469957202064615
R_TRDR,0.037824465207944566,4.133202642270612e-4,0,0.0777535039930243,0.010927326056159238,0.03863570120521757
R_UMPK,0.02780463262171038,5.828599344546374e-4,0,0.058796509568713747,0.020962691447306857,0.02795508598040191
R_THRD_L,622.1412011767927,58.481062641766385,-0.058426335908181734,0.058426335908181734,0.09399966202390754,0.029213167954090867
R_NDPK1,254.73687234046707,147.81296403003628,-0.05448860177881041,0.05448860177881041,0.5802574345518293,0.027244300889405205
R_ACHBS,0.026372808445426343,4.3034072703071696e-4,0,0.05423289199522491,0.016317591959204028,0.026486418648753885
R_DHADT2,0.026372808445426343,4.3034072703071696e-4,0,0.05423289199522491,0.016317591959204028,0.026486418648753885
R_KARIS2,0.026372808445426343,4.3034072703071696e-4,0,0.05423289199522491,0.016317591959204028,0.026486418648753885
R_ADSK,0.024640849096598118,4.5151414920055564e-5,0,0.049506208108933754,0.0018323806433394824,0.025866518327630122
R_BPNT,0.024640849096598118,4.5151414920055564e-5,0,0.049506208108933754,0.0018323806433394824,0.025866518327630122
R_PAPSR,0.024640849096598118,4.5151414920055564e-5,0,0.049506208108933754,0.0018323806433394824,0.025866518327630122
R_SLFR,0.024640849096598118,4.5151414920055564e-5,0,0.049506208108933754,0.0018323806433394824,0.025866518327630122
R_SO4t,0.024050732317466527,2.7146332289364514e-4,0,0.04912754208161433,0.011287112563158773,0.025866518327630122
R_ASPCT,0.021751166166853325,0.0014410444270153413,0,0.04836544377841992,0.06625136399405351,0.019711811894986195
R_OMPDC,0.021751166166853325,0.0014410444270153413,0,0.04836544377841992,0.06625136399405351,0.019711811894986195
R_DHORD_NAD,0.021751166166853346,0.0014410444270153253,0,0.0483654437784199,0.06625136399405271,0.019711811894986195
R_DAPE,0.023257171450323216,1.8148781128767664e-4,0,0.047183222196282036,0.007803520375439053,0.02399663419676606
R_DHDPRy,0.023257171450323216,1.8148781128767664e-4,0,0.047183222196282036,0.007803520375439053,0.02399663419676606
R_DHDPS,0.023257171450323216,1.8148781128767664e-4,0,0.047183222196282036,0.007803520375439053,0.02399663419676606
R_SDPDS,0.023257171450323216,1.8148781128767664e-4,0,0.047183222196282036,0.007803520375439053,0.02399663419676606
R_THDPS,0.023257171450323216,1.8148781128767664e-4,0,0.047183222196282036,0.007803520375439053,0.02399663419676606
R_ACOATA,0.019610341590069743,9.968782356080402e-5,0,0.039666286732675034,0.005083431265230168,0.018500572491764098
R_DAPDC,0.015978336235556664,1.7854152067789506e-4,0,0.03257411640331724,0.01117397443925268,0.016359258577171517
R_PRAIS,0.014683856752583935,6.894643689139402e-4,0,0.03237399460184653,0.04695390186182621,0.01369737859455572
R_PRFGAS,0.014683856752583935,6.894643689139402e-4,0,0.03237399460184653,0.04695390186182621,0.01369737859455572
R_GLUPRT,0.014683856752583749,6.894643689137925e-4,0,0.032373994601845396,0.04695390186181675,0.01369737859455572
R_PRGCS,0.014683856752583749,6.894643689137925e-4,0,0.032373994601845396,0.04695390186181675,0.01369737859455572
R_METS,0.014638272245169344,2.6822886694179223e-5,0,0.029409918030116798,0.0018323806419866815,0.015366399746624232
R_MTHFR2,0.014638272245169344,2.6822886694179223e-5,0,0.029409918030116798,0.0018323806419866815,0.015366399746624232
R_ADSL1r,0.013165831850062353,6.905427250006676e-4,0,0.029337197167411677,0.052449608415544,0.01210116709006046
R_PRAIZC1,0.013165831850062353,6.905427250006676e-4,0,0.029337197167411677,0.052449608415544,0.01210116709006046
R_PRASUCS,0.013165831850062353,6.905427250006676e-4,0,0.029337197167411677,0.052449608415544,0.01210116709006046
R_HSERA,-622.1021772614556,58.480998100897196,-0.027525101733018753,0.027525101733018753,0.0940054547925476,0.013762550866509377
R_CYTTS4,127.24714675846556,40.518798426882306,-0.027525101733018753,0.027525101733018753,0.31842598800107597,0.013762550866509377
R_NAt3_15,0.6534028617121719,1.3187233504350648,-0.025866518327630122,0.025866518327630122,2.018239324785772,0.012933259163815061
R_IMPD,0.011966679409625109,2.750459963518162e-4,0,0.02534226221348347,0.02298432062369696,0.01230432128154144
R_GL3PD,-561.6529014470177,158.9285256181293,-0.02233015883657053,0.02233015883657053,0.2829657341904099,-0.011165079418285265
R_G3POAT,0.007463667068733851,3.137863053500344e-4,0,0.016748997528526148,0.04204184115667764,0
R_AGPAT,0.0072146752778711925,3.6883810360992687e-4,0,0.015962100771792782,0.051123313164381054,0
R_FABC140,0.007588859432733171,1.4817563020550533e-5,0,0.015250646069698068,0.0019525415053331541,0.007888957900721236
R_DXPS,0.007308950446017327,1.3392779293808095e-5,0,0.014684494857187735,0.0018323806396998994,0.0076725075474446975
R_ALAALAL,0.0072754832232577145,1.333145462323464e-5,0,0.014617255482210132,0.0018323806425142532,0.007637375619594544
R_DALAT,0.0072754832232577145,1.333145462323464e-5,0,0.014617255482210132,0.0018323806425142532,0.007637375619594544
R_GLNST2,0.0072754832232577145,1.333145462323464e-5,0,0.014617255482210132,0.0018323806425142532,0.007637375619594544
R_PAPPT3,0.0072754832232577145,1.333145462323464e-5,0,0.014617255482210132,0.0018323806425142532,0.007637375619594544
R_PGPS,0.0072754832232577145,1.333145462323464e-5,0,0.014617255482210132,0.0018323806425142532,0.007637375619594544
R_RNA,0.0072754832232577145,1.333145462323464e-5,0,0.014617255482210132,0.0018323806425142532,0.007637375619594545
R_UAAGDS,0.0072754832232577145,1.333145462323464e-5,0,0.014617255482210132,0.0018323806425142532,0.007637375619594544
R_UAGCVT,0.0072754832232577145,1.333145462323464e-5,0,0.014617255482210132,0.0018323806425142532,0.007637375619594544
R_UAGPT2,0.0072754832232577145,1.333145462323464e-5,0,0.014617255482210132,0.0018323806425142532,0.007637375619594544
R_UAMAGS,0.0072754832232577145,1.333145462323464e-5,0,0.014617255482210132,0.0018323806425142532,0.007637375619594544
R_UAMAS,0.0072754832232577145,1.333145462323464e-5,0,0.014617255482210132,0.0018323806425142532,0.007637375619594544
R_UAPGR,0.0072754832232577145,1.333145462323464e-5,0,0.014617255482210132,0.0018323806425142532,0.007637375619594544
R_UDCPDP,0.0072754832232577145,1.333145462323464e-5,0,0.014617255482210132,0.0018323806425142532,0.007637375619594544
R_UGMDDS,0.0072754832232577145,1.333145462323464e-5,0,0.014617255482210132,0.0018323806425142532,0.007637375619594544
R_UNAMPLA,0.0072754832232577145,1.333145462323464e-5,0,0.014617255482210132,0.0018323806425142532,0.007637375619594544
R_DALAt2r,0.004899641816477944,0.001243296334413471,0,0.013996257303749395,0.253752494770567,0.007637375619594544
R_UAG4Ei,0.006562485867378565,1.2024972070158708e-5,0,0.013184764444953758,0.0018323806425143854,0.00688891280887428
R_DHFR,0.004050918244388732,4.346532843260359e-4,0,0.010200345755163168,0.10729747136420507,0.0031763845201893603
R_FABC160,0.004258255271593614,7.715475536253636e-6,0,0.008555902300439568,0.0018118865695353648,0.004485942405554389
R_TMDS,0.003145899890942488,4.353321151614329e-4,0,0.008389331912741336,0.13838079095104666,0.00222553125554985
R_CMK,0.004155028468735136,7.6135937146334935e-6,0,0.008347914605649683,0.0018323806375630458,0.004361705216350462
R_DXPRIi,0.004155028468735136,7.6135937146334935e-6,0,0.008347914605649683,0.0018323806375630458,0.004361705216350462
R_ME4PCT,0.004155028468735136,7.6135937146334935e-6,0,0.008347914605649683,0.0018323806375630458,0.004361705216350462
R_MECDPDHT,0.004155028468735136,7.6135937146334935e-6,0,0.008347914605649683,0.0018323806375630458,0.004361705216350462
R_MECDPS,0.004155028468735136,7.6135937146334935e-6,0,0.008347914605649683,0.0018323806375630458,0.004361705216350462
R_RNDR4,0.0031263476151670586,4.28614095723177e-4,0,0.008293338835893387,0.13709738918468722,0.00222553125554985
R_LPS,0.004122773826512724,7.554490953172949e-6,0,0.00828311143991916,0.0018323806425158582,0.004327846184436909
R_NDPK7,0.003986952729001011,2.391567946404117e-5,0,0.00812489594997675,0.005998485833573852,0.00415906018324387
R_RNDR3,0.003986952729001011,2.391567946404117e-5,0,0.00812489594997675,0.005998485833573852,0.00415906018324387
R_NDPK5,0.0039619856472787734,7.2598658059935155e-6,0,0.007960070093762385,0.0018323806425144015,0.00415906018324387
R_RNDR2,0.0039619856472787734,7.2598658059935155e-6,0,0.007960070093762385,0.0018323806425144015,0.00415906018324387
R_DNA,0.003758999665349808,6.887918222003196e-6,0,0.007552248665808557,0.0018323806425138945,0.0039459774034571815
R_Cofactors_and_vitamins,0.0036377416116288573,6.66572731161732e-6,0,0.007308627741105066,0.0018323806425142532,0.0038186878097972725
R_HMB4DPR,0.0036188253551894746,6.631065511485857e-6,0,0.007270622876640895,0.001832380637539406,0.003798830633186342
R_FABC120,0.002993171715489966,6.831930265900651e-6,0,0.0060191251383250296,0.002282505287132282,0.003064676191110185
R_A5PISO,0.002885941678558903,5.288143667215979e-6,0,0.0057981780079433875,0.0018323806425140988,0.0030294923291058367
R_KDO8PS,0.002885941678558903,5.288143667215979e-6,0,0.0057981780079433875,0.0018323806425140988,0.0030294923291058367
R_KDOCT2,0.002885941678558903,5.288143667215979e-6,0,0.0057981780079433875,0.0018323806425140988,0.0030294923291058367
R_KDOPP,0.002885941678558903,5.288143667215979e-6,0,0.0057981780079433875,0.0018323806425140988,0.0030294923291058367
R_FABC161,0.002693182438997364,7.500373117120176e-5,0,0.005772916152372016,0.027849480259913118,0.0010555158601304444
R_DB4PS,0.002793785557764438,5.119278577311277e-6,0,0.005613026105237436,0.001832380643204297,0.0029327522379243055
R_RBFSa,0.002793785557764438,5.119278577311277e-6,0,0.005613026105237436,0.001832380643204297,0.0029327522379243055
R_NTD2,0.001972224532303387,0.0010086386307229034,0,0.005348476160495595,0.5114218052773641,0
R_KAS16,0.002308753342847099,4.230514933773616e-6,0,0.004638542406354659,0.0018323806425144778,0.0024235938632846694
R_DTMPK,0.002120075811257305,3.884785877206666e-6,0,0.004259468247516056,0.0018323806425124035,0.00222553125554985
R_NDPK4,0.002120075811257305,3.884785877206666e-6,0,0.004259468247516056,0.0018323806425124035,0.00222553125554985
R_NDPK8,0.002120075811257305,3.884785877206666e-6,0,0.004259468247516056,0.0018323806425124035,0.00222553125554985
R_RNDR1,0.002120075811257305,3.884785877206666e-6,0,0.004259468247516056,0.0018323806425124035,0.00222553125554985
R_NTD5,0.0010276721277517418,4.369414864273898e-4,0,0.004150541280828368,0.42517596286599224,0
R_AG3POAT_Nlimit,0.001159946242248148,3.6443018371290617e-4,0,0.004024967103244906,0.3141785114166898,0.008795965501087038
R_FABC181,0.0018627282167133592,6.113097394941361e-6,0,0.0037516416860521452,0.0032817978168213136,0.0018471527552282778
R_AGMT,8.040171738061322e-4,4.846397343474279e-4,0,0.003542081562406544,0.6027728637352293,0
R_ARGDC,8.040171738061322e-4,4.846397343474279e-4,0,0.003542081562406544,0.6027728637352293,0
R_AGMHE,0.001731565007135353,3.1728862003315237e-6,0,0.0034789068047660523,0.0018323806425152049,0.0018176953974635018
R_GMHEPAT,0.001731565007135353,3.1728862003315237e-6,0,0.0034789068047660523,0.0018323806425152049,0.0018176953974635018
R_GMHEPK,0.001731565007135353,3.1728862003315237e-6,0,0.0034789068047660523,0.0018323806425152049,0.0018176953974635018
R_GMHEPPA,0.001731565007135353,3.1728862003315237e-6,0,0.0034789068047660523,0.0018323806425152049,0.0018176953974635018
R_S7PI,0.001731565007135353,3.1728862003315237e-6,0,0.0034789068047660523,0.0018323806425152049,0.0018176953974635018
R_TKT1,-0.436871278801669,0.23836762696674033,-1.8485860149701938,0.003367620557605089,0.5456243944911622,0.0018176953974635018
R_E4PD,0.0016333459836213628,2.9929115629172096e-6,0,0.003281573855756194,0.001832380642514879,0.0017145908265989755
R_OHPBAKGT,0.0016333459836213628,2.9929115629172096e-6,0,0.003281573855756194,0.001832380642514879,0.0017145908265989755
R_PDX5POi,0.0016333459836213628,2.9929115629172096e-6,0,0.003281573855756194,0.001832380642514879,0.0017145908265989755
R_PDX5PS,0.0016333459836213628,2.9929115629172096e-6,0,0.003281573855756194,0.001832380642514879,0.0017145908265989755
R_PERD,0.0016333459836213628,2.9929115629172096e-6,0,0.003281573855756194,0.001832380642514879,0.0017145908265989755
R_ADNK,2.445386082463519,1.009260902933511,-0.003207697760229722,0.003207697760229722,0.41272047394527006,0.001603848880114861
R_METAT,0.0015278514768588733,2.799605463120251e-6,0,0.0030696236511739534,0.0018323806374661434,0.001603848880114861
R_AHCi,0.0015278514768588733,2.7996054631201866e-6,0,0.0030696236511739534,0.0018323806374661014,0.001603848880114861
R_4HBADH,0.0015205759936608608,2.7862740162552687e-6,0,0.0030550063957819197,0.001832380642513748,0.0015962115044952597
R_BZALDD6,0.0015205759936608608,2.7862740162552687e-6,0,0.0030550063957819197,0.001832380642513748,0.0015962115044952597
R_HMPK1,0.0015205759936608608,2.7862740162552687e-6,0,0.0030550063957819197,0.001832380642513748,0.0015962115044952597
R_PMPK,0.0015205759936608608,2.7862740162552687e-6,0,0.0030550063957819197,0.001832380642513748,0.0015962115044952597
R_THMB,0.0015205759936608608,2.7862740162552687e-6,0,0.0030550063957819197,0.001832380642513748,0.0015962115044952597
R_THZPSN,0.0015205759936608608,2.7862740162552687e-6,0,0.0030550063957819197,0.001832380642513748,0.0015962115044952597
R_TMPPP,0.0015205759936608608,2.7862740162552687e-6,0,0.0030550063957819197,0.001832380642513748,0.0015962115044952597
R_G3POAT_Nlimit,9.211181617173681e-4,3.1278736460014925e-4,0,0.0028654081453058384,0.3395735504953854,0.008795965501087038
R_APRAUR,0.001396892778882219,2.5596392886556385e-6,0,0.002806513052618718,0.001832380643204297,0.0014663761189621528
R_DHPPRAP,0.001396892778882219,2.5596392886556385e-6,0,0.002806513052618718,0.001832380643204297,0.0014663761189621528
R_GTPCII,0.001396892778882219,2.5596392886556385e-6,0,0.002806513052618718,0.001832380643204297,0.0014663761189621528
R_PMDPHT,0.001396892778882219,2.5596392886556385e-6,0,0.002806513052618718,0.001832380643204297,0.0014663761189621528
R_RBFS2,0.001396892778882219,2.5596392886556385e-6,0,0.002806513052618718,0.001832380643204297,0.0014663761189621528
R_NNATr,0.28945833965843515,1.2518050131945966,-0.002413410695788043,0.002413410695788043,4.3246465611311935,0.0012067053478940215
R_HMR_0614,0.0011543766714235495,2.115257466886808e-6,0,0.0023192712031773295,0.0018323806425144778,0.0012117969316423347
R_U23GAAT,0.0011543766714235495,2.115257466886808e-6,0,0.0023192712031773295,0.0018323806425144778,0.0012117969316423347
R_U3AGDA,0.0011543766714235495,2.115257466886808e-6,0,0.0023192712031773295,0.0018323806425144778,0.0012117969316423347
R_UAGAAT,0.0011543766714235495,2.115257466886808e-6,0,0.0023192712031773295,0.0018323806425144778,0.0012117969316423347
R_ASPOX2,0.0011495263491863267,2.1063698036617776e-6,0,0.002309526365943914,0.0018323806193331165,0.0012067053478940215
R_NADSG,0.0011495263491863267,2.1063698036617776e-6,0,0.002309526365943914,0.0018323806193331165,0.0012067053478940215
R_NNDPR,0.0011495263491863267,2.1063698036617776e-6,0,0.002309526365943914,0.0018323806193331165,0.0012067053478940215
R_QULNS,0.0011495263491863267,2.1063698036617776e-6,0,0.002309526365943914,0.0018323806193331165,0.0012067053478940215
R_SULabc,5.771565268108121e-4,2.599446045240998e-4,0,0.002260269319267205,0.450388399764745,0
R_ADCS,9.057976613078025e-4,1.6597661005012254e-6,0,0.001819848307563924,0.0018323806423885367,9.508532646395095e-4
R_ADCL,9.057976613078024e-4,1.6597661005013266e-6,0,0.0018198483075639238,0.0018323806423886488,9.508532646395095e-4
R_DHNPA,9.057976613078024e-4,1.6597661005013266e-6,0,0.0018198483075639238,0.0018323806423886488,9.508532646395095e-4
R_FPGLUS1,9.057976613078024e-4,1.6597661005013266e-6,0,0.0018198483075639238,0.0018323806423886488,9.508532646395095e-4
R_GCALDD,9.057976613078024e-4,1.6597661005013266e-6,0,0.0018198483075639238,0.0018323806423886488,9.508532646395095e-4
R_GTPCI,9.057976613078024e-4,1.6597661005013266e-6,0,0.0018198483075639238,0.0018323806423886488,9.508532646395095e-4
R_DHPS,8.909177065562345e-4,1.2401562861508164e-5,0,0.001811890698092058,0.01391998696427904,9.508532646395095e-4
R_UREA,3.497218131452662e-4,2.259002417482084e-4,0,0.001742653411997824,0.6459426700226296,0
R_PPCOAT,6.11808509118889e-4,8.66422054711601e-5,0,0.0015875272786275898,0.1416165420712111,0.0027267493053369815
R_HPCOR,5.42584107505817e-4,8.60338056302549e-5,0,0.0014802219948199546,0.15856307702365302,0
R_OCDOR,5.42584107505817e-4,8.60338056302549e-5,0,0.0014802219948199546,0.15856307702365302,0
R_ENCOAH2,5.425841019928157e-4,8.603380592078266e-5,0,0.0014802219873217837,0.1585630791702073,0
R_NTD4,2.433103044845968e-4,1.9932775290773741e-4,0,0.0013934443412957874,0.8192326803830712,0
R_DNMPPA,5.114067217406384e-4,5.05727570923936e-5,0,0.0012613425354988308,0.09888950407273242,0
R_DNTPPA,5.114067217406384e-4,5.05727570923936e-5,0,0.0012613425354988308,0.09888950407273242,0
R_DMOAT2,5.771883357117747e-4,1.057628733443404e-6,0,0.0011596356015886647,0.0018323806425144778,6.058984658211673e-4
R_EDTXS1,5.771883357117747e-4,1.057628733443404e-6,0,0.0011596356015886647,0.0018323806425144778,6.058984658211673e-4
R_EDTXS2,5.771883357117747e-4,1.057628733443404e-6,0,0.0011596356015886647,0.0018323806425144778,6.058984658211673e-4
R_LPADSS,5.771883357117747e-4,1.057628733443404e-6,0,0.0011596356015886647,0.0018323806425144778,6.058984658211673e-4
R_MOAT,5.771883357117747e-4,1.057628733443404e-6,0,0.0011596356015886647,0.0018323806425144778,6.058984658211673e-4
R_TDSK,5.771883357117747e-4,1.057628733443404e-6,0,0.0011596356015886647,0.0018323806425144778,6.058984658211673e-4
R_USHD,5.771883357117747e-4,1.057628733443404e-6,0,0.0011596356015886647,0.0018323806425144778,6.058984658211673e-4
R_NADK,5.420235001420812e-4,9.931933775669942e-7,0,0.0010889855333587794,0.0018323806574929821,5.689844836582747e-4
R_DMPPS,5.362031135456775e-4,9.825282031457636e-7,0,0.0010772917290088253,0.0018323806377190405,5.628745831641202e-4
R_GRATT,5.362031135456775e-4,9.825282031457636e-7,0,0.0010772917290088253,0.0018323806377190405,5.628745831641202e-4
R_GRTT,5.362031135456775e-4,9.825282031457636e-7,0,0.0010772917290088253,0.0018323806377190405,5.628745831641202e-4
R_DPCOAK,5.274725336296613e-4,9.665304836716814e-7,0,0.0010597510223751161,0.0018323806872383671,5.537097324206007e-4
R_PANTS,5.274725336296613e-4,9.665304836716814e-7,0,0.0010597510223751161,0.0018323806872383671,5.537097324206007e-4
R_PNTK,5.274725336296613e-4,9.665304836716814e-7,0,0.0010597510223751161,0.0018323806872383671,5.537097324206007e-4
R_PPCDC,5.274725336296613e-4,9.665304836716814e-7,0,0.0010597510223751161,0.0018323806872383671,5.537097324206007e-4
R_PPNCL,5.274725336296613e-4,9.665304836716814e-7,0,0.0010597510223751161,0.0018323806872383671,5.537097324206007e-4
R_PTPATi,5.274725336296613e-4,9.665304836716814e-7,0,0.0010597510223751161,0.0018323806872383671,5.537097324206007e-4
R_DPR,5.274725336296608e-4,9.665304836719228e-7,0,0.0010597510223751148,0.0018323806872388262,5.537097324206007e-4
R_MOHMT,5.274725336296608e-4,9.665304836719228e-7,0,0.0010597510223751148,0.0018323806872388262,5.537097324206007e-4
R_FMNAT,5.129215672564104e-4,9.398675519339771e-7,0,0.0010305165115301878,0.0018323806443961356,5.384349811814154e-4
R_DMQMT,5.092838256196273e-4,9.332018210395222e-7,0,0.001023207883724653,0.0018323806374650308,5.346162933716203e-4
R_HBZOPT,5.092838256196273e-4,9.332018210395222e-7,0,0.001023207883724653,0.0018323806374650308,5.346162933716203e-4
R_OCTDPS,5.092838256196273e-4,9.332018210395222e-7,0,0.001023207883724653,0.0018323806374650308,5.346162933716203e-4
R_OCTMBZM,5.092838256196273e-4,9.332018210395222e-7,0,0.001023207883724653,0.0018323806374650308,5.346162933716203e-4
R_OHPHM,5.092838256196273e-4,9.332018210395222e-7,0,0.001023207883724653,0.0018323806374650308,5.346162933716203e-4
R_OPHBDC,5.092838256196273e-4,9.332018210395222e-7,0,0.001023207883724653,0.0018323806374650308,5.346162933716203e-4
R_ALKP,3.9487315983133286e-4,5.11887207467055e-5,0,0.0010037703718436155,0.12963332521402665,9.508532646395095e-4
R_OMPHHX,4.5613890140708095e-4,1.5617309482070484e-5,0,9.796464327479482e-4,0.03423805650843365,0
R_TRSARr,-866.7134346130664,69.06266977613545,-9.796207128017764e-4,9.796207128017764e-4,0.07968339593924448,4.898103564008882e-4
R_HXAND,2.723586826478165e-4,1.3117662393456793e-4,0,9.717581974080405e-4,0.4816318784453467,0
R_FABC170,3.033419572340244e-4,6.358200498848073e-5,0,8.74044254463571e-4,0.20960504629245216,0.0018471527552282778
R_OCMPH2,1.9597996113600812e-4,1.9206510498401376e-5,0,4.5803937362776814e-4,0.09800242018148096,0
R_OCPPH1,1.9051857839131486e-4,1.5154630928213553e-5,0,4.438163056688723e-4,0.07954411090075825,0
R_G1SAT,2.1535430340842776e-4,3.946110568478665e-7,0,4.3267076227341975e-4,0.0018323806425148206,2.2606631833999854e-4
R_GLUTRR,2.1535430340842776e-4,3.946110568478665e-7,0,4.3267076227341975e-4,0.0018323806425148206,2.2606631833999854e-4
R_GLUTRS,2.1535430340842776e-4,3.946110568478665e-7,0,4.3267076227341975e-4,0.0018323806425148206,2.2606631833999854e-4
R_FABC180,2.0750729649202744e-4,3.304796736936716e-6,0,4.317074712129674e-4,0.015926171237374723,1.407354480173926e-4
R_FABC150,1.6037683514763486e-4,1.3458517451730495e-5,0,3.771407977680533e-4,0.08391808854028864,4.925740680608742e-4
R_OBTFL,4.2996326577291366e-5,4.04147599210841e-5,0,3.5595937193238434e-4,0.9399584368779371,0.0027267493053369815
R_OPHHX3,9.512442300591237e-5,3.0116094879695718e-5,0,2.8892624441177804e-4,0.31659687310612,0
R_OMPHHX3,8.773288068832342e-5,3.4818382205309324e-5,0,2.684865157487837e-4,0.39686810614373663,0
R_FABC171,1.0284649984167028e-4,4.53975029511701e-6,0,2.2897768810223063e-4,0.04414102864079815,0
R_PPBNGS,1.0767715170421388e-4,1.9730552842393326e-7,0,2.1633538113670987e-4,0.0018323806425148206,1.1303315916999927e-4
R_OCMPH1,5.266757106588572e-5,2.282557079998085e-5,0,1.7408347737701623e-4,0.4333894717002741,5.346162933716203e-4
R_DCTPD,2.689500371614783e-5,2.2129036804387023e-5,0,1.6854690414212648e-4,0.8227935953435356,0
R_OMMBZH,5.242588423968862e-5,1.5478493914908355e-5,0,1.6188349914696048e-4,0.29524526175164595,5.346162933716203e-4
R_OPHHX,4.1300914774792226e-5,1.4129822579673552e-5,0,1.343062020408463e-4,0.3421188769479171,5.346162933716203e-4
R_HYDS,4.129998385649916e-5,1.948443806395754e-6,0,9.371796156712835e-5,0.04717783457654155,0
R_DHPS2,1.329620021003655e-5,1.1762496691617486e-5,0,8.342471536989176e-5,0.8846509909454162,0
R_HMDPPK,1.329620021003655e-5,1.1762496691617486e-5,0,8.342471536989176e-5,0.8846509909454162,0
R_FABC190,2.4574236820156027e-5,7.710711391593244e-6,0,8.159714274363371e-5,0.3137721609840125,2.1110317202608893e-4
R_FABC151,2.0478530683463275e-5,6.425592826327689e-6,0,6.799761895302786e-5,0.31377216098401306,1.7591931002174078e-4
R_CPPPGO,2.691928792605347e-5,4.9326382105983314e-8,0,5.408384528417747e-5,0.0018323806425148206,2.8258289792499818e-5
R_FCLT,2.691928792605347e-5,4.9326382105983314e-8,0,5.408384528417747e-5,0.0018323806425148206,2.8258289792499818e-5
R_FE2abc,2.691928792605347e-5,4.9326382105983314e-8,0,5.408384528417747e-5,0.0018323806425148206,2.8258289792499818e-5
R_HEMEOS,2.691928792605347e-5,4.9326382105983314e-8,0,5.408384528417747e-5,0.0018323806425148206,2.8258289792499818e-5
R_HMBS,2.691928792605347e-5,4.9326382105983314e-8,0,5.408384528417747e-5,0.0018323806425148206,2.8258289792499818e-5
R_PHEMEAS,2.691928792605347e-5,4.9326382105983314e-8,0,5.408384528417747e-5,0.0018323806425148206,2.8258289792499818e-5
R_UPP3S,2.691928792605347e-5,4.9326382105983314e-8,0,5.408384528417747e-5,0.0018323806425148206,2.8258289792499818e-5
R_UPPDC1,2.691928792605347e-5,4.9326382105983314e-8,0,5.408384528417747e-5,0.0018323806425148206,2.8258289792499818e-5
R_PPPGO3,2.581158757849589e-5,4.7403562037194987e-7,0,5.3697036864487616e-5,0.01836522526676653,2.8258289792499818e-5
R_H2td,9.663385612099623e-6,1.556748964192721e-6,0,2.6163924195409157e-5,0.1610976759784376,0
R_HYD1,2.8621379148585604e-6,1.256632715618164e-6,0,9.096306395026754e-6,0.4390538656765824,5.6516579584999635e-5
R_FABC141,2.0478530683463314e-6,6.425592826327689e-7,0,6.799761895302806e-6,0.3137721609840124,1.7591931002174074e-5
R_PPPGO,5.606534917948968e-7,2.3663365177503618e-7,0,2.5906166815358297e-6,0.4220675608698493,0
R_ALRTg,-297.48356846282854,161.68454365262153,-0,0,0.5435074766921941,0
R_ALRTgp,297.4835684628282,161.68454365262002,-0,0,0.5435074766921897,0
R_G3PD2,561.6639886888357,158.9207635261895,-0,0,0.2829463286353441,0
R_ADK3,253.0074651914121,147.5851522022323,-0,0,0.5833233106010416,0
R_ALCD19,295.66612128122205,147.42784906662766,-0,0,0.49862949609435314,0
R_ALCDgl,-295.38259134394445,147.42283743807127,-0,0,0.49909115079301214,0
R_FOMETRi,659.6599124174037,126.55752004766929,-0,0,0.19185267691026414,0
R_GLYD,659.6599124174037,126.55752004766929,-0,0,0.19185267691026414,0
R_LPD5,659.6599124174037,126.55752004766929,-0,0,0.19185267691026414,0
R_NAt3_1g,791.4732741391341,124.29681141557745,-0,0,0.1570448623811992,0
R_NUDPK10,82.34170823029291,110.46335168382672,-0,0,1.3415236829297168,0
R_ADK4,82.34170823029814,110.46335168382558,-0,0,1.3415236829296178,0
R_ADPT,388.5248164466562,99.03977583828377,-0,0,0.254912354747568,0
R_ADPRT4,393.0585036509805,98.85223535868253,-0,0,0.2514949668827396,0
R_SUCCt2r,-36.434205993872865,98.08623529349248,-0,0,2.6921469157304436,0
R_ALRTap,-72.56489789757094,95.39923140714959,-0,0,1.3146746453334843,0
R_ALRTa,72.56489789757,95.39923140714924,-0,0,1.3146746453334965,0
R_PTAr,277.49013400116905,95.08651717049322,-0,0,0.34266629879566324,0
R_ACKr,-276.26810499222427,95.07946122392681,-0,0,0.3441564896773114,0
R_INSt2,257.8497331561425,92.31306689479393,-0,0,0.3580111011357657,0
R_INStr,-257.85005757624856,92.31305377679764,-0,0,0.3580105998211765,0
R_SERt4,286.593617047287,82.19670349393395,-0,0,0.28680577167345556,0
R_SERtr,-286.5939889242592,82.19657364641658,-0,0,0.28680494645035776,0
R_GDH1,-242.13187382982892,77.88561854038672,-0,0,0.32166611238933784,0
R_ABUTt,302.38331040487776,75.6885195307733,-0,0,0.2503065378490293,0
R_GLUABUTt7,302.38331040487776,75.6885195307733,-0,0,0.2503065378490293,0
R_HPYRRx,650.8013400719385,75.44142914838449,-0,0,0.11592082637697905,0
R_AACOAR,-393.2239087128157,75.07779489432947,-0,0,0.19092886579580093,0
R_ENCOAH1,-393.1866435861261,75.07459426619133,-0,0,0.19093882127190445,0
R_3HBCD,393.18664358612614,75.07459426619113,-0,0,0.19093882127190392,0
R_CYTDtr,-290.74966144439975,73.55678624162157,-0,0,0.25299010109316283,0
R_CYTDt2,290.7495117319799,73.55676256656524,-0,0,0.2529901499348748,0
R_3HBCDH,270.1624707747409,73.04090550448306,-0,0,0.27035918532661013,0
R_GLUtr,-362.3625333130112,71.1434980463546,-0,0,0.19633237850476212,0
R_HPYRI,-867.6990811875827,69.06025757174271,-0,0,0.07959010107193254,0
R_CITt7,608.6769160065924,67.64586535202365,-0,0,0.11113591393581122,0
R_CITt,-608.8968282108142,67.56621298036538,-0,0,0.11096496130371103,0
R_HPYRRy,229.1244586932391,67.48493264826926,-0,0,0.2945339534380342,0
R_NADTRHD,594.3814487655911,65.93379436590502,-0,0,0.11092841895189703,0
R_NA1t,-682.4367796136842,64.6164210977347,-0,0,0.09468484558278491,0
R_SUCCtr,654.0074953526203,61.57286092529906,-0,0,0.09414702639164849,0
R_CYTTS2,-622.1152673158856,58.48099429777144,-0,0,0.09400347069135195,0
R_ADNtr,-728.2449685127458,56.31570506007949,-0,0,0.0773307163042814,0
R_ADNt2,728.2447803080557,56.31568626088212,-0,0,0.07733071047493117,0
R_GUAPRT,348.56979704074297,54.60478628773651,-0,0,0.15665380865271575,0
R_ADPRT3,347.0384838991639,54.544204974536044,-0,0,0.1571704796589202,0
R_PROtr,-171.28120261776616,54.173649848886036,-0,0,0.3162848521666491,0
R_PROt4,170.53406980578725,54.00375845806065,-0,0,0.3166743074833248,0
R_PHCHGS,-624.4169441457815,53.58307603843811,-0,0,0.08581297567403642,0
R_P5CD4,624.4169441457842,53.58307603843796,-0,0,0.08581297567403581,0
R_P5CD5,624.4169441457842,53.58307603843796,-0,0,0.08581297567403581,0
R_LEUD2,140.2344724450225,53.30142593070004,-0,0,0.3800878985129446,0
R_CYTTS1,764.7623040904082,52.48313734025289,-0,0,0.06862673154722918,0
R_CYTTS3,-764.6185407276188,52.44294696892489,-0,0,0.06858707208305419,0
R_URAtr,-647.6214430697253,52.38182488157144,-0,0,0.08088340100859172,0
R_URAt2,647.6214430697245,52.38182488157091,-0,0,0.080883401008591,0
R_PTA2,360.72669807328873,52.00048573484863,-0,0,0.14415480199439995,0
R_PPAKr,360.72669807328793,52.00048573484752,-0,0,0.1441548019943972,0
R_PCT1,376.0669117993099,51.962461026870024,-0,0,0.13817344572606288,0
R_URItr,-522.0602148281646,51.345206011622466,-0,0,0.09835111842131596,0
R_URIt2,522.0592212784702,51.3448906474388,-0,0,0.09835070151945667,0
R_THRt,298.9908221399603,49.9529587414027,-0,0,0.1670718799455967,0
R_THRtr,-299.1415594125862,49.92698253736602,-0,0,0.1669008566894078,0
R_ASO3t1,-323.73019857419837,49.05043314550752,-0,0,0.15151639655966556,0
R_ASO3t2,323.7301985741956,49.05043314550657,-0,0,0.15151639655966392,0
R_HACD1,139.47201122114086,47.940823426446066,-0,0,0.3437307815862291,0
R_ALAtr,-334.5671524245336,47.75033536153547,-0,0,0.14272272401967565,0
R_ASPALAt,-334.16662358250574,47.69051880725143,-0,0,0.14271478789824932,0
R_ASPt,330.0216814313161,46.876559146100114,-0,0,0.14204084696131103,0
R_ISOVC,145.72572677420993,46.77670469612939,-0,0,0.32099139754921974,0
R_ACOADH3,-145.7257267742059,46.77670469612924,-0,0,0.32099139754922756,0
R_BENZt,-270.58200437255766,46.24283656285256,-0,0,0.17090137487185564,0
R_BENZOTt,270.5820043725547,46.24283656285187,-0,0,0.17090137487185497,0
R_CYTTS5,-127.62488624332877,40.534255621553925,-0,0,0.3176046366401579,0
R_THMDtr,-242.91317174927394,37.34831557488448,-0,0,0.15375171015194697,0
R_THMDt2,242.91251278223058,37.348203441591714,-0,0,0.15375166562569845,0
R_GLUt4,51.88430038116586,36.88117183168562,-0,0,0.7108349069128739,0
R_PCT2,-7.235598286895311,6.961596462404854,-0,0,0.9621314211173508,0
R_PCT3,7.2355982868966,6.961596462404231,-0,0,0.9621314211170932,0
R_XANt,-0.7225575845822152,2.4144592528906,-0,0,3.3415457873667562,0
R_XANt2,0.7221894819127708,2.414401964008997,-0,0,3.3431696590405604,0
R_SUCFUMt,-3.2304313259003554,2.0067481549970765,-0,0,0.6212013048869797,0
R_ACt2r,-9.67417714273151,1.9593804949907048,-0,0,0.2025371735582539,0
R_ASPt2_2,2.2495313886917327,1.815719092749366,-0,0,0.8071543708511396,0
R_FUMt2_2,1.61307584067708,1.6270566243781304,-0,0,1.0086671583247953,0
R_NAt3_2,0.6793872580547777,1.4209853503552907,-0,0,2.0915690329898995,0
R_THD2,0.8072054836041922,1.3189111363873844,-0,0,1.633922418983595,0
R_FDH,-2.1719924327907165,1.2786819072393847,-0,0,0.5887137947329086,0
R_NADDP,0.2883107416329931,1.2518045127908919,-0,0,4.341858737904341,0
R_GUAt,-0.7540893235401553,1.243072488696055,-0,0,1.6484419682012128,0
R_GUAt2,0.7536443764715965,1.2429990311678414,-0,0,1.6493177285914342,0
R_FORt,-2.0027677458951123,1.2193717040986092,-0,0,0.6088432902905704,0
R_PUNP1,-2.592300850412755,1.1871915760953256,-0,0,0.4579682855507673,0
R_PTRCt2,-2.0950883328017644,1.1810162061463114,-0,0,0.5637071180511691,0
R_ASNabc,0.5156164167465518,1.0905122044170235,-0,0,2.1149679664933134,0
R_ASNtr,-0.5156164167465518,1.0905122044170235,-0,0,2.1149679664933134,0
R_MDH,3.69727311376613,1.0690319869653386,-0,0,0.28914065963506747,0
R_PPC,2.5416429260972992,1.0645183581154716,-0,0,0.4188308071071348,0
R_PYK,6.210196315764849,1.0603422957679114,-0,0,0.17074215400826978,0
R_FUMt2_3,0.8720310158051072,1.041231276705059,-0,0,1.1940300950691953,0
R_ASPt2_3,0.6793541924436138,1.0010695994822445,-0,0,1.4735606412929187,0
R_ARBt2r,-0.6106671957847154,0.9391952636871564,-6.677382161082877,0,1.537982177805176,0
R_SUCOAS,-2.447864539792988,0.9233540849507712,-8.671660193640264,0,0.37720799902957775,-1.2311548631921974
R_ASPTA,-4.213045393290388,0.8866402470624697,-15.349696577865732,0,0.2104511497726835,-0.2891232434563846
R_H2Ot,-26.365567180246703,0.8473237078854915,-55.97494326764645,0,0.032137511098957634,-13.360617243074865
R_PGM,-8.48559334939057,0.8406210433653774,-20.55655020076597,0,0.09906449776146181,0
R_ARGORNt7,-0.3920605172428797,0.8054717010075072,-6.1098706030759855,0,2.0544575788245494,0
R_PGK,-6.9050363622599775,0.7195610234347766,-16.915310053891062,0,0.1042081439813401,-0.266561911442978
R_GARFT,-0.56897951453761,0.690938952248257,-5.768287163344218,0,1.214347677894448,-0.03140336107264908
R_CO2t,-16.57248877056098,0.6327070332651665,-35.718068072373,0,0.03817815429080839,-5.458322332818523
R_Ktr,-0.37726897836796913,0.6174662371206487,-4.762005940451918,0,1.6366737593738845,0
R_ILEtr,-0.6537644951083236,0.6134940837927012,-5.065006910849393,0,0.9384022662335771,0
R_CHLtr,-0.3970917985752229,0.6056376192335584,-4.377172000968395,0,1.525182895760134,0
R_LEUtr,-0.5993370191580683,0.5541262556746283,-4.919542214857671,0,0.9245653746752523,0
R_VALtr,-0.7666512737194329,0.5329301270979293,-3.837000817645394,0,0.6951402095928204,0
R_PUNP2,-0.46661899208743307,0.49913398874515563,-3.534964631066714,0,1.0696821115494375,0
R_GLUR,-1.5936686444730204,0.48629823886895857,-5.649004535844638,0,0.3051438833006363,-0.007637375619594544
R_OCOAT1m,-0.43448534831849983,0.4855674757624245,-5.35813989329086,0,1.1175692751012605,0
R_RPE,-1.2408558362708404,0.46473985771341325,-4.151195304495766,0,0.374531709590134,-0.1885268351153784
R_PHETA2,-0.7326078299259394,0.4392786364576072,-3.3863640343063315,0,0.5996095298381053,-0.03721947718615742
R_LACDH,-0.5720176666207522,0.4391532222902502,-3.7476086176507124,0,0.767726676843023,0
R_PYRtr,-0.19746302910895286,0.4264254480766008,-2.754932769527045,0,2.1595204428942236,0
R_HIStr,-0.5232676785950998,0.4099564039362995,-5.332595950901357,0,0.7834544740790695,0
R_APATr,-1.5989579021200109,0.39982543569114387,-4.826540686990046,0,0.2500537601152771,0
R_PGI,-8.502030493731198,0.3914443590567879,-19.67979454426563,0,0.04604127912095959,-1.5498629622527893
R_GLYBt2r,-0.46592657830426504,0.3890796480186885,-3.098853132680153,0,0.8350664377952849,0
R_PPCSYN1,-0.3609283069814167,0.33503811204380846,-3.080471673559505,0,0.928267762775001,0
R_PPCSYN2,-0.3609283069814167,0.33503811204380846,-3.080471673559505,0,0.928267762775001,0
R_ALCD2x,-0.4225050165486992,0.3184387373201405,-2.415341171275657,0,0.7536922044650712,0
R_HSDy,-0.48841662522215756,0.27195706056665436,-2.9811886678894552,0,0.5568136843068231,-0.10910520851879622
R_ASPSAD,-0.5113687551331493,0.2719208554284046,-3.027892266549885,0,0.5317510166564681,-0.13310184271556227
R_FBA,-0.23268246558272407,0.2681838063493607,-3.4622469620120015,0,1.152574198823826,0
R_TKT2,-0.7573073190396247,0.23890794785998679,-2.4801153957374606,0,0.31547027455505994,-0.19034453051284192
R_TAh,-0.4386016290570081,0.23836879829095034,-1.8520415940578552,0,0.5434744937072905,0
R_GLYCLTt2r,-0.2625395671322717,0.23686609927336677,-1.799997688587752,0,0.902211052835437,0
R_ACOADH5,-0.3950989651398231,0.23566483190922596,-1.626323021087046,0,0.5964703851497702,0
R_ALHD2,-0.6555948933664726,0.22212358753577593,-2.504959842299463,0,0.3388122601065023,0
R_ACOTA,-0.32456311386040426,0.2050414271381665,-1.927331877079129,0,0.6317459328614758,-0.039469957202064615
R_AGPR,-0.32456311386040426,0.2050414271381665,-1.927331877079129,0,0.6317459328614758,-0.039469957202064615
R_ILETA,-0.25975310743613855,0.18235134619590088,-1.6084372458550127,0,0.7020179584982742,-0.026486418648753885
R_GLYAT,-0.1663653937237386,0.17226663723323637,-1.5391888278659653,0,1.0354715808222545,0
R_ACALDt,-0.20685030110039748,0.1551748729116839,-1.2423770029765664,0,0.7501795843960012,0
R_ACOADH4,-0.19820474094655083,0.15445223514627926,-1.3062701143212507,0,0.7792560077456969,0
R_TYRTA,-0.18140909778307546,0.1409762604923952,-1.2866870441758276,0,0.777117918644693,-0.020811848563395137
R_LLACtr,-0.2624612049694718,0.1300200853343375,-1.2103559270145883,0,0.49538782445756435,0
R_CLS_m,-0.12247992842360611,0.1255687449102645,-1.2407163748832115,0,1.025218960579202,0
R_PGCM,-0.1049512987330036,0.12441960912494136,-0.993855771667266,0,1.1854985181409254,-0.0012117969316423347
R_ICITt,-0.10382527962104442,0.10748485987864118,-0.8318040691840761,0,1.0352474876152897,0
R_GLYALDt,-0.1321371703637756,0.08424596000325917,-0.6394033652440024,0,0.6375644322587565,0
R_IMPC,-0.13962303954154495,0.07848775106880725,-0.7271887082784341,0,0.5621403983649357,-0.03140336107264908
R_DLACt,-0.1085839190044453,0.0771801232889861,-0.798725682556551,0,0.7107877851215375,0
R_ACACt2,-0.09972703062381287,0.07444731909854473,-0.6335058115820611,0,0.7465109372339835,0
R_4HBZt,-0.0526625819079593,0.06031206756930449,-0.47645937176500397,0,1.1452546643974755,0
R_MCLACTt,-0.03185055761976055,0.036725174706714,-0.4471371169002112,0,1.1530465226118731,0
R_CCMUCt,-0.022612967989177148,0.013380527473607363,-0.109578927091733,0,0.591719206431082,0
R_DHR,-0.021751166166853325,0.0014410444270153413,-0.04836544377841992,0,0.06625136399405351,-0.019711811894986195
R_ORPT,-0.021751166166853325,0.0014410444270153413,-0.04836544377841992,0,0.06625136399405351,-0.019711811894986195
R_INDOLEt2r,-0.0012748015830718953,0.001036322216763368,-0.008394254816141294,0,0.812928247442349,0
R_TYRtr,-0.001818816142109252,8.057870224709462e-4,-0.005601589717324608,0,0.4430282994610373,0
R_PRAIZC2,-0.013165831850062353,6.905427250006676e-4,-0.029337197167411677,0,0.052449608415544,-0.01210116709006046
R_PHEtr,-4.427604028457694e-4,5.787570792382744e-4,-0.0051536588993480745,0,1.3071563661032217,0
R_KARI,-0.10126524982375089,4.733066384409296e-4,-0.20550958653687704,0,0.0046739294996527,-0.10520103047210506
R_GLYt2r,-1.1013650609829526e-4,4.6564447921668367e-4,-0.0025815670907910833,0,4.227884973953165,0
R_ANt,-8.550441753527593e-4,3.818229811668718e-4,-0.002641773167397332,0,0.44655351404428417,0
R_IPMALD2,-0.04357893492766889,3.6873319281280283e-4,-0.08969572351335255,0,0.008461271332693558,-0.04518271416552133
R_IPPMIa,-0.04357893492766889,3.6873319281280283e-4,-0.08969572351335255,0,0.008461271332693558,-0.04518271416552133
R_UROCANt,-1.4583514066556847e-4,3.132696872191081e-4,-0.002037226657978463,0,2.1481083762760806,0
R_VALTA,-0.056903138209729864,3.048331624133867e-4,-0.1152897461456932,0,0.005357053617848853,-0.05946460657416314
R_UREAt,-4.539789222374775e-4,2.976453145493542e-4,-0.001993149414955395,0,0.6556368588267965,0
R_HYXNt,-2.4509886240386416e-4,2.4097707209571248e-4,-0.0017741619782135894,0,0.9831831520239374,0
R_SDPTA,-0.023257171450323216,1.8148781128767664e-4,-0.047183222196282036,0,0.007803520375439053,-0.02399663419676606
R_ADEtr,-1.1665692243163233e-4,1.7673140067341875e-4,-0.0010971190894962651,0,1.5149671103058073,0
R_PGAMT,-0.048524441647785785,8.891524756416216e-5,-0.09749100354322385,0,0.0018323806425131622,-0.05093811314285411
R_PCNO,-5.425841019928157e-4,8.603380592078266e-5,-0.0014802219873217837,0,0.1585630791702073,0
R_THMPT,-0.0015205759936608608,2.7862740162552687e-6,-0.0030550063957819197,0,0.001832380642513748,-0.0015962115044952597
R_12DHFD,0,0,0,0,NaN,0
R_12PPDt,0,0,0,0,NaN,0
R_14HPED,0,0,0,0,NaN,0
R_16DCDC1,0,0,0,0,NaN,0
R_16DCDC2,0,0,0,0,NaN,0
R_16DCDC3,0,0,0,0,NaN,0
R_16DCDC4,0,0,0,0,NaN,0
R_1MNAPTH,0,0,0,0,NaN,0
R_26DICH,0,0,0,0,NaN,0
R_2AMBZC,0,0,0,0,NaN,0
R_2BHPPPH,0,0,0,0,NaN,0
R_2H3CBZP,0,0,0,0,NaN,0
R_2H3MBZP,0,0,0,0,NaN,0
R_2H4HMBZP,0,0,0,0,NaN,0
R_2HBAt,0,0,0,0,NaN,0
R_2HCHCCOA,0,0,0,0,NaN,0
R_2HISOPD,0,0,0,0,NaN,0
R_2HOHPHDB,0,0,0,0,NaN,0
R_2HOHPHODB,0,0,0,0,NaN,0
R_2KCHCCH,0,0,0,0,NaN,0
R_2MNAPTH,0,0,0,0,NaN,0
R_2NAPTCT,0,0,0,0,NaN,0
R_2PGt,0,0,0,0,NaN,0
R_34DHBt,0,0,0,0,NaN,0
R_34DHDHF,0,0,0,0,NaN,0
R_34DHFD,0,0,0,0,NaN,0
R_3HBD,0,0,0,0,NaN,0
R_3HBZOR,0,0,0,0,NaN,0
R_3HBZt,0,0,0,0,NaN,0
R_3HCINNMH,0,0,0,0,NaN,0
R_3HPPPNH,0,0,0,0,NaN,0
R_3IPPMD1,0,0,0,0,NaN,0
R_3IPPMD2,0,0,0,0,NaN,0
R_3PGt,0,0,0,0,NaN,0
R_4CRESOLD,0,0,0,0,NaN,0
R_4CRESOLt,0,0,0,0,NaN,0
R_4ETHPMH,0,0,0,0,NaN,0
R_4FLRBZt,0,0,0,0,NaN,0
R_4FLTHRt,0,0,0,0,NaN,0
R_4HBTD,0,0,0,0,NaN,0
R_4HBTt,0,0,0,0,NaN,0
R_4HBZCT,0,0,0,0,NaN,0
R_4HBZDC,0,0,0,0,NaN,0
R_4HPHEA1,0,0,0,0,NaN,0
R_4HPHEA2,0,0,0,0,NaN,0
R_4HPHEACt,0,0,0,0,NaN,0
R_4HPHEAO,0,0,0,0,NaN,0
R_4HTHRS,0,0,0,0,NaN,0
R_4NOXDR,0,0,0,0,NaN,0
R_4NPHPP,0,0,0,0,NaN,0
R_6CHQD,0,0,0,0,NaN,0
R_6CHQt,0,0,0,0,NaN,0
R_6PYRTP,0,0,0,0,NaN,0
R_AAATT,0,0,0,0,NaN,0
R_AACTOOR,0,0,0,0,NaN,0
R_ABTA,0,0,0,0,NaN,0
R_AC4HB,0,0,0,0,NaN,0
R_ACBIPGT,0,0,0,0,NaN,0
R_ACCOAA1,0,0,0,0,NaN,0
R_ACCOAA2,0,0,0,0,NaN,0
R_ACCOAA3,0,0,0,0,NaN,0
R_ACDH1,0,0,0,0,NaN,0
R_ACDH2,0,0,0,0,NaN,0
R_ACDH3,0,0,0,0,NaN,0
R_ACDH4,0,0,0,0,NaN,0
R_ACDH5,0,0,0,0,NaN,0
R_ACDH6,0,0,0,0,NaN,0
R_ACDH7,0,0,0,0,NaN,0
R_ACDH8,0,0,0,0,NaN,0
R_ACFM2,0,0,0,0,NaN,0
R_ACGApts,0,0,0,0,NaN,0
R_ACLDc,0,0,0,0,NaN,0
R_ACLDn,0,0,0,0,NaN,0
R_ACMANAPP,0,0,0,0,NaN,0
R_ACMANApts,0,0,0,0,NaN,0
R_ACMSD,0,0,0,0,NaN,0
R_ACNAMt2,0,0,0,0,NaN,0
R_ACOADG,0,0,0,0,NaN,0
R_ACOADH1,0,0,0,0,NaN,0
R_ACONCt,0,0,0,0,NaN,0
R_ACPCD,0,0,0,0,NaN,0
R_ACPS1,0,0,0,0,NaN,0
R_ACPYRH,0,0,0,0,NaN,0
R_ACTF2,0,0,0,0,NaN,0
R_ACTF3,0,0,0,0,NaN,0
R_ACTF4,0,0,0,0,NaN,0
R_ACTF5,0,0,0,0,NaN,0
R_ADCOBNSYN,0,0,0,0,NaN,0
R_ADHC2,0,0,0,0,NaN,0
R_ADHEr,0,0,0,0,NaN,0
R_ADIPL,0,0,0,0,NaN,0
R_ADIPt,0,0,0,0,NaN,0
R_ADNCYC,0,0,0,0,NaN,0
R_ADNCYC1,0,0,0,0,NaN,0
R_ADOCBIK,0,0,0,0,NaN,0
R_ADOCBLS,0,0,0,0,NaN,0
R_ADPRDP,0,0,0,0,NaN,0
R_ADPRT2,0,0,0,0,NaN,0
R_ADSLFK2,0,0,0,0,NaN,0
R_AGDC,0,0,0,0,NaN,0
R_AHCYSNS,0,0,0,0,NaN,0
R_AHSERL4,0,0,0,0,NaN,0
R_ALATRS,0,0,0,0,NaN,0
R_ALCDd,0,0,0,0,NaN,0
R_ALCDH_pqq_x,0,0,0,0,NaN,0
R_ALCDt,0,0,0,0,NaN,0
R_ALDD19xr,0,0,0,0,NaN,0
R_ALDD4,0,0,0,0,NaN,0
R_ALDH,0,0,0,0,NaN,0
R_ALHD10,0,0,0,0,NaN,0
R_ALHD11,0,0,0,0,NaN,0
R_ALHD12,0,0,0,0,NaN,0
R_ALHD13,0,0,0,0,NaN,0
R_ALHD14,0,0,0,0,NaN,0
R_ALHD15,0,0,0,0,NaN,0
R_ALHD16,0,0,0,0,NaN,0
R_ALHD5,0,0,0,0,NaN,0
R_ALHD6,0,0,0,0,NaN,0
R_ALHD7,0,0,0,0,NaN,0
R_ALHD8,0,0,0,0,NaN,0
R_ALHD9,0,0,0,0,NaN,0
R_ALLTC,0,0,0,0,NaN,0
R_ALLTNt2r,0,0,0,0,NaN,0
R_ALPHNH,0,0,0,0,NaN,0
R_ALPNIT,0,0,0,0,NaN,0
R_ALR2,0,0,0,0,NaN,0
R_ALRTs,0,0,0,0,NaN,0
R_ALRTx,0,0,0,0,NaN,0
R_ALTRH,0,0,0,0,NaN,0
R_AMAA,0,0,0,0,NaN,0
R_AMALT1,0,0,0,0,NaN,0
R_AMALT2,0,0,0,0,NaN,0
R_AMALT3,0,0,0,0,NaN,0
R_AMALT4,0,0,0,0,NaN,0
R_AMAOTr,0,0,0,0,NaN,0
R_AMDS2,0,0,0,0,NaN,0
R_AMDS3,0,0,0,0,NaN,0
R_AMDS6,0,0,0,0,NaN,0
R_AMID2,0,0,0,0,NaN,0
R_ANOXDR,0,0,0,0,NaN,0
R_ANTHMN1,0,0,0,0,NaN,0
R_ANTHMN2,0,0,0,0,NaN,0
R_ANTOXDR,0,0,0,0,NaN,0
R_AOBUTDs,0,0,0,0,NaN,0
R_AOBZACt,0,0,0,0,NaN,0
R_AOXSr,0,0,0,0,NaN,0
R_APPS3,0,0,0,0,NaN,0
R_ARGTRS,0,0,0,0,NaN,0
R_ASCBptspp,0,0,0,0,NaN,0
R_ASNTRS,0,0,0,0,NaN,0
R_ASPAM1,0,0,0,0,NaN,0
R_ASPAM2,0,0,0,0,NaN,0
R_ASPAM3,0,0,0,0,NaN,0
R_ASPAM4,0,0,0,0,NaN,0
R_ASPR,0,0,0,0,NaN,0
R_ASPTRS,0,0,0,0,NaN,0
R_BACCL,0,0,0,0,NaN,0
R_BAPT2,0,0,0,0,NaN,0
R_BETALDDH1,0,0,0,0,NaN,0
R_BETALDHx,0,0,0,0,NaN,0
R_BHMT,0,0,0,0,NaN,0
R_BIPHED1,0,0,0,0,NaN,0
R_BIPHED2,0,0,0,0,NaN,0
R_BKACPS1,0,0,0,0,NaN,0
R_BKAR2,0,0,0,0,NaN,0
R_BNTP,0,0,0,0,NaN,0
R_BP23Dt,0,0,0,0,NaN,0
R_BPDDO,0,0,0,0,NaN,0
R_BPHEDO1,0,0,0,0,NaN,0
R_BPHEDO2,0,0,0,0,NaN,0
R_BPHEHA,0,0,0,0,NaN,0
R_BPHEHB,0,0,0,0,NaN,0
R_BTCAL,0,0,0,0,NaN,0
R_BTPT1,0,0,0,0,NaN,0
R_BTPT3,0,0,0,0,NaN,0
R_BTS4,0,0,0,0,NaN,0
R_BUDPP1,0,0,0,0,NaN,0
R_BUPN,0,0,0,0,NaN,0
R_BUTNt,0,0,0,0,NaN,0
R_BUTt2r,0,0,0,0,NaN,0
R_BZ12DOX,0,0,0,0,NaN,0
R_BZACCOAT,0,0,0,0,NaN,0
R_BZALDD1,0,0,0,0,NaN,0
R_BZALDD2,0,0,0,0,NaN,0
R_BZALDD3,0,0,0,0,NaN,0
R_BZALDD4,0,0,0,0,NaN,0
R_BZALDD5,0,0,0,0,NaN,0
R_BZALt,0,0,0,0,NaN,0
R_BZFORCL1,0,0,0,0,NaN,0
R_BZFORCL2,0,0,0,0,NaN,0
R_BZOTCOA,0,0,0,0,NaN,0
R_BZOTD1,0,0,0,0,NaN,0
R_BZOTD1p,0,0,0,0,NaN,0
R_BZOTD3,0,0,0,0,NaN,0
R_BZOTD4,0,0,0,0,NaN,0
R_BZOTD5,0,0,0,0,NaN,0
R_BZOTD7,0,0,0,0,NaN,0
R_C181t,0,0,0,0,NaN,0
R_C23DDT1,0,0,0,0,NaN,0
R_C23DDTp,0,0,0,0,NaN,0
R_CADVt,0,0,0,0,NaN,0
R_CARHM1,0,0,0,0,NaN,0
R_CARHM2,0,0,0,0,NaN,0
R_CARSA,0,0,0,0,NaN,0
R_CATCHD1,0,0,0,0,NaN,0
R_CATCHD2,0,0,0,0,NaN,0
R_CATCHD3,0,0,0,0,NaN,0
R_CATCHD4,0,0,0,0,NaN,0
R_CATCHD6,0,0,0,0,NaN,0
R_CATCHDG1,0,0,0,0,NaN,0
R_CATCHDG2,0,0,0,0,NaN,0
R_CATCHDG3,0,0,0,0,NaN,0
R_CATCHDG4,0,0,0,0,NaN,0
R_CATCHDG6,0,0,0,0,NaN,0
R_CATCHDG7,0,0,0,0,NaN,0
R_CATECHt,0,0,0,0,NaN,0
R_CATL,0,0,0,0,NaN,0
R_CATOCS,0,0,0,0,NaN,0
R_CBIAT,0,0,0,0,NaN,0
R_CBIAT1,0,0,0,0,NaN,0
R_CBL,0,0,0,0,NaN,0
R_CBL1abc,0,0,0,0,NaN,0
R_CCHCCOAL,0,0,0,0,NaN,0
R_CCHNM1,0,0,0,0,NaN,0
R_CCHNM2,0,0,0,0,NaN,0
R_CCPAMAH,0,0,0,0,NaN,0
R_CCPPAMD,0,0,0,0,NaN,0
R_CCPPCCOAL,0,0,0,0,NaN,0
R_CCPPMD,0,0,0,0,NaN,0
R_CDPGD,0,0,0,0,NaN,0
R_CGS_m,0,0,0,0,NaN,0
R_CHCOAL,0,0,0,0,NaN,0
R_CHOLD,0,0,0,0,NaN,0
R_CHOLD1,0,0,0,0,NaN,0
R_CINNDO,0,0,0,0,NaN,0
R_CITNCL,0,0,0,0,NaN,0
R_CLt,0,0,0,0,NaN,0
R_CMBLD1,0,0,0,0,NaN,0
R_CMBLD2,0,0,0,0,NaN,0
R_CMBLD3,0,0,0,0,NaN,0
R_CMBLD4,0,0,0,0,NaN,0
R_CMBLD5,0,0,0,0,NaN,0
R_CMBLD6,0,0,0,0,NaN,0
R_CMBLD7,0,0,0,0,NaN,0
R_CNTOB,0,0,0,0,NaN,0
R_COBALTt5,0,0,0,0,NaN,0
R_COBBP1,0,0,0,0,NaN,0
R_COBBP2,0,0,0,0,NaN,0
R_CRNabc,0,0,0,0,NaN,0
R_CRNBTCT,0,0,0,0,NaN,0
R_CRNCDH,0,0,0,0,NaN,0
R_CRNt7,0,0,0,0,NaN,0
R_CRTNh,0,0,0,0,NaN,0
R_CSND,0,0,0,0,NaN,0
R_CSNt2,0,0,0,0,NaN,0
R_CTBTCRNCT,0,0,0,0,NaN,0
R_CYNL,0,0,0,0,NaN,0
R_CYNTt2,0,0,0,0,NaN,0
R_CYSabc,0,0,0,0,NaN,0
R_CYSGS2,0,0,0,0,NaN,0
R_CYSSADS,0,0,0,0,NaN,0
R_CYSST4,0,0,0,0,NaN,0
R_CYSTBL2,0,0,0,0,NaN,0
R_CYSTRS,0,0,0,0,NaN,0
R_CYTDA,0,0,0,0,NaN,0
R_CYTK2,0,0,0,0,NaN,0
R_DABOT,0,0,0,0,NaN,0
R_DADK,0,0,0,0,NaN,0
R_DADNt2,0,0,0,0,NaN,0
R_DAPabc,0,0,0,0,NaN,0
R_DATA2,0,0,0,0,NaN,0
R_DBTS,0,0,0,0,NaN,0
R_DCMPDA,0,0,0,0,NaN,0
R_DCYTt2,0,0,0,0,NaN,0
R_DDGD,0,0,0,0,NaN,0
R_DDGLK,0,0,0,0,NaN,0
R_DGK1,0,0,0,0,NaN,0
R_DGSNt2,0,0,0,0,NaN,0
R_DHAt,0,0,0,0,NaN,0
R_DHEDAA,0,0,0,0,NaN,0
R_DHHED1,0,0,0,0,NaN,0
R_DHPD,0,0,0,0,NaN,0
R_DHPMD,0,0,0,0,NaN,0
R_DHRT_2mbcoa,0,0,0,0,NaN,0
R_DHRT_ibcoa,0,0,0,0,NaN,0
R_DHRT_ivcoa,0,0,0,0,NaN,0
R_DINSt2,0,0,0,0,NaN,0
R_DSERt2,0,0,0,0,NaN,0
R_DTO4CH,0,0,0,0,NaN,0
R_DURIPP,0,0,0,0,NaN,0
R_DURIt2,0,0,0,0,NaN,0
R_ENCOAH3,0,0,0,0,NaN,0
R_ENCOAH4,0,0,0,0,NaN,0
R_ENCOAH5,0,0,0,0,NaN,0
R_ENCOAH6,0,0,0,0,NaN,0
R_ENCOAH7,0,0,0,0,NaN,0
R_ENCOAR,0,0,0,0,NaN,0
R_ESTLP,0,0,0,0,NaN,0
R_F26BP,0,0,0,0,NaN,0
R_FALDH,0,0,0,0,NaN,0
R_FAMC120,0,0,0,0,NaN,0
R_FAMC140,0,0,0,0,NaN,0
R_FAMC141,0,0,0,0,NaN,0
R_FAMC150,0,0,0,0,NaN,0
R_FAMC151,0,0,0,0,NaN,0
R_FAMC160,0,0,0,0,NaN,0
R_FAMC161,0,0,0,0,NaN,0
R_FAMC170,0,0,0,0,NaN,0
R_FAMC171,0,0,0,0,NaN,0
R_FAMC180,0,0,0,0,NaN,0
R_FAMC181,0,0,0,0,NaN,0
R_FAMC190,0,0,0,0,NaN,0
R_FBMO10,0,0,0,0,NaN,0
R_FBMO11,0,0,0,0,NaN,0
R_FBMO12,0,0,0,0,NaN,0
R_FBMO13,0,0,0,0,NaN,0
R_FBMO14,0,0,0,0,NaN,0
R_FBMO15,0,0,0,0,NaN,0
R_FBMO15p,0,0,0,0,NaN,0
R_FBMO2,0,0,0,0,NaN,0
R_FBMO3,0,0,0,0,NaN,0
R_FBMO5,0,0,0,0,NaN,0
R_FBMO6,0,0,0,0,NaN,0
R_FBMO7,0,0,0,0,NaN,0
R_FBMO8,0,0,0,0,NaN,0
R_FBMO9,0,0,0,0,NaN,0
R_FDFT1,0,0,0,0,NaN,0
R_FDFT2,0,0,0,0,NaN,0
R_FEabc,0,0,0,0,NaN,0
R_FLALDO,0,0,0,0,NaN,0
R_FLALDTHR,0,0,0,0,NaN,0
R_FLBZDD,0,0,0,0,NaN,0
R_FLVR,0,0,0,0,NaN,0
R_FLVRx,0,0,0,0,NaN,0
R_FMETDF,0,0,0,0,NaN,0
R_FMETTRS,0,0,0,0,NaN,0
R_FORA,0,0,0,0,NaN,0
R_FPGLUS2,0,0,0,0,NaN,0
R_FRUP,0,0,0,0,NaN,0
R_FRUpts,0,0,0,0,NaN,0
R_FRUpts2,0,0,0,0,NaN,0
R_FTOLAM,0,0,0,0,NaN,0
R_FUCPt6_2,0,0,0,0,NaN,0
R_FUCt,0,0,0,0,NaN,0
R_G1PCYTF,0,0,0,0,NaN,0
R_G1PTT,0,0,0,0,NaN,0
R_G5TDPDP,0,0,0,0,NaN,0
R_G6Pt6_2,0,0,0,0,NaN,0
R_GALCTD,0,0,0,0,NaN,0
R_GALCTNt2r,0,0,0,0,NaN,0
R_GALCTtr,0,0,0,0,NaN,0
R_GALTpts,0,0,0,0,NaN,0
R_GAMpts,0,0,0,0,NaN,0
R_GENDO,0,0,0,0,NaN,0
R_GENt,0,0,0,0,NaN,0
R_GERCT,0,0,0,0,NaN,0
R_GGMT1,0,0,0,0,NaN,0
R_GGMT2,0,0,0,0,NaN,0
R_GLBRAN2,0,0,0,0,NaN,0
R_GLCNt2r,0,0,0,0,NaN,0
R_GLCNtr,0,0,0,0,NaN,0
R_GLCP,0,0,0,0,NaN,0
R_GLCRD,0,0,0,0,NaN,0
R_GLCRDH,0,0,0,0,NaN,0
R_GLCURt2r,0,0,0,0,NaN,0
R_GLNabc,0,0,0,0,NaN,0
R_GLNTRS,0,0,0,0,NaN,0
R_GLTN1,0,0,0,0,NaN,0
R_GLTN2,0,0,0,0,NaN,0
R_GLTN3,0,0,0,0,NaN,0
R_GLTPD,0,0,0,0,NaN,0
R_GLUCD1,0,0,0,0,NaN,0
R_GLUCD2,0,0,0,0,NaN,0
R_GLUDC,0,0,0,0,NaN,0
R_GLUN2,0,0,0,0,NaN,0
R_GLXt,0,0,0,0,NaN,0
R_GLYC3Pabc,0,0,0,0,NaN,0
R_GLYC3Pt6,0,0,0,0,NaN,0
R_GLYTRS,0,0,0,0,NaN,0
R_GMAND,0,0,0,0,NaN,0
R_GNK,0,0,0,0,NaN,0
R_GOX,0,0,0,0,NaN,0
R_GPDDA1,0,0,0,0,NaN,0
R_GPDDA2,0,0,0,0,NaN,0
R_GPDDA3,0,0,0,0,NaN,0
R_GPDDA4,0,0,0,0,NaN,0
R_GPDDA5,0,0,0,0,NaN,0
R_GSDH,0,0,0,0,NaN,0
R_GSNt2,0,0,0,0,NaN,0
R_GSPMDS,0,0,0,0,NaN,0
R_GTADT1,0,0,0,0,NaN,0
R_GTADT2,0,0,0,0,NaN,0
R_GTHPe,0,0,0,0,NaN,0
R_GTPDPK,0,0,0,0,NaN,0
R_HACD2,0,0,0,0,NaN,0
R_HACD4,0,0,0,0,NaN,0
R_HACD5,0,0,0,0,NaN,0
R_HACDH,0,0,0,0,NaN,0
R_HACDHG,0,0,0,0,NaN,0
R_HATRAZE1,0,0,0,0,NaN,0
R_HATRAZE2,0,0,0,0,NaN,0
R_HBDH,0,0,0,0,NaN,0
R_HCINNMt2r,0,0,0,0,NaN,0
R_HDCAt2,0,0,0,0,NaN,0
R_HETZK,0,0,0,0,NaN,0
R_HEXTT,0,0,0,0,NaN,0
R_HIBDkt,0,0,0,0,NaN,0
R_HIBHrm,0,0,0,0,NaN,0
R_HISTRS,0,0,0,0,NaN,0
R_HMR_0629,0,0,0,0,NaN,0
R_HMR_7756,0,0,0,0,NaN,0
R_HMSALD1,0,0,0,0,NaN,0
R_HMSALD2,0,0,0,0,NaN,0
R_HOGAD,0,0,0,0,NaN,0
R_HPPH,0,0,0,0,NaN,0
R_HPPPNt2r,0,0,0,0,NaN,0
R_HXMGL,0,0,0,0,NaN,0
R_HYDRTS,0,0,0,0,NaN,0
R_IDONt2r,0,0,0,0,NaN,0
R_IDPD,0,0,0,0,NaN,0
R_ILETRS,0,0,0,0,NaN,0
R_IMLTAP,0,0,0,0,NaN,0
R_IMP,0,0,0,0,NaN,0
R_IPPMD,0,0,0,0,NaN,0
R_KAS14,0,0,0,0,NaN,0
R_KNAKGT,0,0,0,0,NaN,0
R_KNt,0,0,0,0,NaN,0
R_KNTt,0,0,0,0,NaN,0
R_KPENH,0,0,0,0,NaN,0
R_KYNATESYN,0,0,0,0,NaN,0
R_KYNRN3,0,0,0,0,NaN,0
R_L__LACD4,0,0,0,0,NaN,0
R_LAAO6,0,0,0,0,NaN,0
R_LALDO2x,0,0,0,0,NaN,0
R_LCADi,0,0,0,0,NaN,0
R_LCARR,0,0,0,0,NaN,0
R_LCTSt,0,0,0,0,NaN,0
R_LDH_L,0,0,0,0,NaN,0
R_LEUD1,0,0,0,0,NaN,0
R_LEUTRS,0,0,0,0,NaN,0
R_LYSTRS,0,0,0,0,NaN,0
R_MAAMPT,0,0,0,0,NaN,0
R_MACR1,0,0,0,0,NaN,0
R_MACR2,0,0,0,0,NaN,0
R_MACR3,0,0,0,0,NaN,0
R_MACR4,0,0,0,0,NaN,0
R_MACR4p,0,0,0,0,NaN,0
R_MALDDH,0,0,0,0,NaN,0
R_MALEAI,0,0,0,0,NaN,0
R_MALPYRI,0,0,0,0,NaN,0
R_MALt2_2,0,0,0,0,NaN,0
R_MALt2_3,0,0,0,0,NaN,0
R_MALTHXabc,0,0,0,0,NaN,0
R_MALTPTabc,0,0,0,0,NaN,0
R_MALTTRabc,0,0,0,0,NaN,0
R_MALTTTRabc,0,0,0,0,NaN,0
R_MAN1PT2,0,0,0,0,NaN,0
R_MAN6PI,0,0,0,0,NaN,0
R_MAN6Pt6_2,0,0,0,0,NaN,0
R_MANpts,0,0,0,0,NaN,0
R_MCCIS1,0,0,0,0,NaN,0
R_MCCIS2,0,0,0,0,NaN,0
R_MCCIS4,0,0,0,0,NaN,0
R_MCCIS5,0,0,0,0,NaN,0
R_MCITD,0,0,0,0,NaN,0
R_MCITL2,0,0,0,0,NaN,0
R_MCITS,0,0,0,0,NaN,0
R_MELIBt2,0,0,0,0,NaN,0
R_METabc,0,0,0,0,NaN,0
R_METDabc,0,0,0,0,NaN,0
R_METTHFD,0,0,0,0,NaN,0
R_METTRS,0,0,0,0,NaN,0
R_METTRSS,0,0,0,0,NaN,0
R_MG2t,0,0,0,0,NaN,0
R_MICITDr,0,0,0,0,NaN,0
R_MLTGCT,0,0,0,0,NaN,0
R_MMCS,0,0,0,0,NaN,0
R_MME,0,0,0,0,NaN,0
R_MMM,0,0,0,0,NaN,0
R_MMSAD1m,0,0,0,0,NaN,0
R_MNAO10,0,0,0,0,NaN,0
R_MNAO11,0,0,0,0,NaN,0
R_MNAO12,0,0,0,0,NaN,0
R_MNAO13,0,0,0,0,NaN,0
R_MNAO14,0,0,0,0,NaN,0
R_MNAO15,0,0,0,0,NaN,0
R_MNAO2,0,0,0,0,NaN,0
R_MNAO3,0,0,0,0,NaN,0
R_MNAO4,0,0,0,0,NaN,0
R_MNAO5,0,0,0,0,NaN,0
R_MNAO6,0,0,0,0,NaN,0
R_MNAO7,0,0,0,0,NaN,0
R_MNAO8,0,0,0,0,NaN,0
R_MNAO9,0,0,0,0,NaN,0
R_MNLpts,0,0,0,0,NaN,0
R_MOBDabc,0,0,0,0,NaN,0
R_MTTGH,0,0,0,0,NaN,0
R_NACt,0,0,0,0,NaN,0
R_NAMNPP,0,0,0,0,NaN,0
R_NAPMSCD,0,0,0,0,NaN,0
R_NHFRBO,0,0,0,0,NaN,0
R_NITL1,0,0,0,0,NaN,0
R_NITL2,0,0,0,0,NaN,0
R_NITL4,0,0,0,0,NaN,0
R_NITL5,0,0,0,0,NaN,0
R_NITORT,0,0,0,0,NaN,0
R_NITOXDR,0,0,0,0,NaN,0
R_NITRDT1,0,0,0,0,NaN,0
R_NITRDT1p,0,0,0,0,NaN,0
R_NITRDT2,0,0,0,0,NaN,0
R_NMNP,0,0,0,0,NaN,0
R_NMNt7,0,0,0,0,NaN,0
R_NNAM,0,0,0,0,NaN,0
R_NNDMBRT,0,0,0,0,NaN,0
R_NO2t2r,0,0,0,0,NaN,0
R_NO3t7,0,0,0,0,NaN,0
R_NPHS,0,0,0,0,NaN,0
R_NPPDO,0,0,0,0,NaN,0
R_NT5C,0,0,0,0,NaN,0
R_NTD1,0,0,0,0,NaN,0
R_NTD13,0,0,0,0,NaN,0
R_NTD3,0,0,0,0,NaN,0
R_NTD6,0,0,0,0,NaN,0
R_NTD8,0,0,0,0,NaN,0
R_NTPPD2,0,0,0,0,NaN,0
R_NTPPD3,0,0,0,0,NaN,0
R_NTPPD4,0,0,0,0,NaN,0
R_NTPPD5,0,0,0,0,NaN,0
R_NTPPD6,0,0,0,0,NaN,0
R_NTPPD7,0,0,0,0,NaN,0
R_NTPPD8,0,0,0,0,NaN,0
R_NTPPD9,0,0,0,0,NaN,0
R_NTPTP1,0,0,0,0,NaN,0
R_NTRIR2x,0,0,0,0,NaN,0
R_NTRLASE,0,0,0,0,NaN,0
R_NUDPK9,0,0,0,0,NaN,0
R_OAHSL1,0,0,0,0,NaN,0
R_OBUTt,0,0,0,0,NaN,0
R_OCDCAt2,0,0,0,0,NaN,0
R_OGDH1,0,0,0,0,NaN,0
R_OGDH2,0,0,0,0,NaN,0
R_OGDH3,0,0,0,0,NaN,0
R_OTO4BZ,0,0,0,0,NaN,0
R_OXCTD1,0,0,0,0,NaN,0
R_OXGDC2,0,0,0,0,NaN,0
R_P5PPR,0,0,0,0,NaN,0
R_PAAD1,0,0,0,0,NaN,0
R_PAAD2,0,0,0,0,NaN,0
R_PAAD3,0,0,0,0,NaN,0
R_PAAD4,0,0,0,0,NaN,0
R_PAAD5,0,0,0,0,NaN,0
R_PAAD6,0,0,0,0,NaN,0
R_PAAD8,0,0,0,0,NaN,0
R_PACCOAL,0,0,0,0,NaN,0
R_PACt,0,0,0,0,NaN,0
R_PAPSR2,0,0,0,0,NaN,0
R_PDX5PSa,0,0,0,0,NaN,0
R_PDX5PSb,0,0,0,0,NaN,0
R_PGLYCP,0,0,0,0,NaN,0
R_PHACA,0,0,0,0,NaN,0
R_PHBD,0,0,0,0,NaN,0
R_PHE2MO1,0,0,0,0,NaN,0
R_PHE2MO2,0,0,0,0,NaN,0
R_PHE2MO3,0,0,0,0,NaN,0
R_PHE2MO4,0,0,0,0,NaN,0
R_PHE2MO5,0,0,0,0,NaN,0
R_PHEA4H,0,0,0,0,NaN,0
R_PHENOLt,0,0,0,0,NaN,0
R_PHETA1,0,0,0,0,NaN,0
R_PHETRS,0,0,0,0,NaN,0
R_PHOXDR,0,0,0,0,NaN,0
R_PLIPASA1C,0,0,0,0,NaN,0
R_PLIPASA1C_Nlimit,0,0,0,0,NaN,0
R_PLIPASA1E,0,0,0,0,NaN,0
R_PLIPASA1E_Nlimit,0,0,0,0,NaN,0
R_PLIPASA1S,0,0,0,0,NaN,0
R_PLIPASA1S_Nlimit,0,0,0,0,NaN,0
R_PMANM,0,0,0,0,NaN,0
R_PMCOAD,0,0,0,0,NaN,0
R_PNTOK2,0,0,0,0,NaN,0
R_PNTOK3,0,0,0,0,NaN,0
R_PNTOt4,0,0,0,0,NaN,0
R_PPAt,0,0,0,0,NaN,0
R_PPCOAC,0,0,0,0,NaN,0
R_PPG2DG,0,0,0,0,NaN,0
R_PPG2DGp,0,0,0,0,NaN,0
R_PPLCc,0,0,0,0,NaN,0
R_PPLCe,0,0,0,0,NaN,0
R_PPPNDO,0,0,0,0,NaN,0
R_PPPNt2r,0,0,0,0,NaN,0
R_PROAKGOX1,0,0,0,0,NaN,0
R_PROTCC2,0,0,0,0,NaN,0
R_PROTCD,0,0,0,0,NaN,0
R_PROTCDp,0,0,0,0,NaN,0
R_PROTRS,0,0,0,0,NaN,0
R_PSUDS,0,0,0,0,NaN,0
R_PUNP4,0,0,0,0,NaN,0
R_PYDXNO,0,0,0,0,NaN,0
R_PYDXO_1,0,0,0,0,NaN,0
R_QDPQ1,0,0,0,0,NaN,0
R_QDPQ2,0,0,0,0,NaN,0
R_R15BPK,0,0,0,0,NaN,0
R_R3HBNt,0,0,0,0,NaN,0
R_RIBabc,0,0,0,0,NaN,0
R_RMNt,0,0,0,0,NaN,0
R_RZ5PP,0,0,0,0,NaN,0
R_SADMET,0,0,0,0,NaN,0
R_SADT2,0,0,0,0,NaN,0
R_SALCH1,0,0,0,0,NaN,0
R_SALCH2,0,0,0,0,NaN,0
R_SALCH3,0,0,0,0,NaN,0
R_SALCH4,0,0,0,0,NaN,0
R_SALCH5,0,0,0,0,NaN,0
R_SBTpts,0,0,0,0,NaN,0
R_SCCNAPS,0,0,0,0,NaN,0
R_SELNPS,0,0,0,0,NaN,0
R_SERDHT2,0,0,0,0,NaN,0
R_SERTRS,0,0,0,0,NaN,0
R_SHCHCC,0,0,0,0,NaN,0
R_SLCYSS,0,0,0,0,NaN,0
R_SPMDabc,0,0,0,0,NaN,0
R_SPMS,0,0,0,0,NaN,0
R_SPMS3,0,0,0,0,NaN,0
R_SSALy,0,0,0,0,NaN,0
R_SUCCS,0,0,0,0,NaN,0
R_SULALDAC,0,0,0,0,NaN,0
R_SULFR,0,0,0,0,NaN,0
R_TAGL1,0,0,0,0,NaN,0
R_TAGL1_Nlimit,0,0,0,0,NaN,0
R_TAGL2,0,0,0,0,NaN,0
R_TAGL2_Nlimit,0,0,0,0,NaN,0
R_TARTRt7,0,0,0,0,NaN,0
R_TAUDO,0,0,0,0,NaN,0
R_TAURabc,0,0,0,0,NaN,0
R_TDPDRE,0,0,0,0,NaN,0
R_TDPDRR,0,0,0,0,NaN,0
R_TDPGDH,0,0,0,0,NaN,0
R_THIOLS,0,0,0,0,NaN,0
R_THMabc,0,0,0,0,NaN,0
R_THRAD2,0,0,0,0,NaN,0
R_THRTRS,0,0,0,0,NaN,0
R_TMDPP,0,0,0,0,NaN,0
R_TOCHECK,0,0,0,0,NaN,0
R_TOLabc,0,0,0,0,NaN,0
R_TRPtr,0,0,0,0,NaN,0
R_TRPTRS,0,0,0,0,NaN,0
R_TSULabc,0,0,0,0,NaN,0
R_TTDCAt2,0,0,0,0,NaN,0
R_TYRTM,0,0,0,0,NaN,0
R_TYRTRS,0,0,0,0,NaN,0
R_UBQBM,0,0,0,0,NaN,0
R_UDPG4E,0,0,0,0,NaN,0
R_UDPG4E1,0,0,0,0,NaN,0
R_UDPGD,0,0,0,0,NaN,0
R_UGLYCH,0,0,0,0,NaN,0
R_UMBM1,0,0,0,0,NaN,0
R_UMBM2,0,0,0,0,NaN,0
R_UNSMONO,0,0,0,0,NaN,0
R_UPP3MT,0,0,0,0,NaN,0
R_UPPDC2,0,0,0,0,NaN,0
R_UPPRT,0,0,0,0,NaN,0
R_VALTRS,0,0,0,0,NaN,0
R_XAND,0,0,0,0,NaN,0
R_XTSNtr,0,0,0,0,NaN,0
